subgraph,query_time_class,count
<http://www.wikidata.org/entity/Q9826>,4_1s_to_10s,9394
<http://www.wikidata.org/entity/Q735428>,4_1s_to_10s,6259
<http://www.wikidata.org/entity/Q17633526>,1_less_10ms,66
<http://www.wikidata.org/entity/Q5>,1_less_10ms,533688
<http://www.wikidata.org/entity/Q174782>,1_less_10ms,680
<http://www.wikidata.org/entity/Q985488>,1_less_10ms,38
<http://www.wikidata.org/entity/Q6451276>,4_1s_to_10s,45
<http://www.wikidata.org/entity/Q3257686>,1_less_10ms,662
<http://www.wikidata.org/entity/Q81505329>,1_less_10ms,37
<http://www.wikidata.org/entity/Q59541917>,1_less_10ms,1696
<http://www.wikidata.org/entity/Q11424>,1_less_10ms,30716
<http://www.wikidata.org/entity/Q19389637>,5_more_10s,63
<http://www.wikidata.org/entity/Q13433827>,3_100ms_to_1s,8794
<http://www.wikidata.org/entity/Q3257686>,3_100ms_to_1s,19549
<http://www.wikidata.org/entity/Q2042028>,3_100ms_to_1s,435
<http://www.wikidata.org/entity/Q26887310>,3_100ms_to_1s,20152
<http://www.wikidata.org/entity/Q13406463>,5_more_10s,2376
<http://www.wikidata.org/entity/Q2085381>,1_less_10ms,608
<http://www.wikidata.org/entity/Q46686>,4_1s_to_10s,138
<http://www.wikidata.org/entity/Q2231510>,5_more_10s,1
<http://www.wikidata.org/entity/Q12317349>,3_100ms_to_1s,3200
<http://www.wikidata.org/entity/Q47461344>,3_100ms_to_1s,158750
<http://www.wikidata.org/entity/Q420927>,3_100ms_to_1s,133
<http://www.wikidata.org/entity/Q41298>,5_more_10s,174
<http://www.wikidata.org/entity/Q11032>,1_less_10ms,1060
<http://www.wikidata.org/entity/Q6999>,2_10ms_to_100ms,380718
<http://www.wikidata.org/entity/Q3950>,3_100ms_to_1s,5530
<http://www.wikidata.org/entity/Q207524>,4_1s_to_10s,2428
<http://www.wikidata.org/entity/Q6999>,3_100ms_to_1s,46334
<http://www.wikidata.org/entity/Q24046192>,2_10ms_to_100ms,4768
<http://www.wikidata.org/entity/Q21191270>,3_100ms_to_1s,38465
<http://www.wikidata.org/entity/Q55659107>,3_100ms_to_1s,288
<http://www.wikidata.org/entity/Q2116450>,1_less_10ms,80
<http://www.wikidata.org/entity/Q46831>,1_less_10ms,571
<http://www.wikidata.org/entity/Q41176>,4_1s_to_10s,21504
<http://www.wikidata.org/entity/Q1266946>,4_1s_to_10s,341
<http://www.wikidata.org/entity/Q1260524>,2_10ms_to_100ms,1562
<http://www.wikidata.org/entity/Q1497375>,5_more_10s,65
<http://www.wikidata.org/entity/Q820477>,2_10ms_to_100ms,11441
<http://www.wikidata.org/entity/Q3305213>,2_10ms_to_100ms,247101
<http://www.wikidata.org/entity/Q27671617>,2_10ms_to_100ms,697
<http://www.wikidata.org/entity/Q44613>,5_more_10s,177
<http://www.wikidata.org/entity/Q484170>,2_10ms_to_100ms,622569
<http://www.wikidata.org/entity/Q358>,3_100ms_to_1s,8647
<http://www.wikidata.org/entity/Q12317349>,5_more_10s,13
<http://www.wikidata.org/entity/Q15647814>,5_more_10s,2
<http://www.wikidata.org/entity/Q34442>,4_1s_to_10s,5620
<http://www.wikidata.org/entity/Q815382>,3_100ms_to_1s,9238
<http://www.wikidata.org/entity/Q13433827>,1_less_10ms,383
<http://www.wikidata.org/entity/Q202444>,2_10ms_to_100ms,156180
<http://www.wikidata.org/entity/Q5783996>,1_less_10ms,42
<http://www.wikidata.org/entity/Q16521>,3_100ms_to_1s,1806302
<http://www.wikidata.org/entity/Q155076>,2_10ms_to_100ms,11851
<http://www.wikidata.org/entity/Q1580166>,3_100ms_to_1s,812
<http://www.wikidata.org/entity/Q783794>,5_more_10s,1051
<http://www.wikidata.org/entity/Q16560>,1_less_10ms,551
<http://www.wikidata.org/entity/Q39614>,2_10ms_to_100ms,61640
<http://www.wikidata.org/entity/Q3950>,5_more_10s,90
<http://www.wikidata.org/entity/Q417841>,3_100ms_to_1s,1282
<http://www.wikidata.org/entity/Q62447>,2_10ms_to_100ms,12298
<http://www.wikidata.org/entity/Q22698>,1_less_10ms,1164
<http://www.wikidata.org/entity/Q56731284>,2_10ms_to_100ms,1150
<http://www.wikidata.org/entity/Q17018380>,1_less_10ms,44
<http://www.wikidata.org/entity/Q23058136>,4_1s_to_10s,773
<http://www.wikidata.org/entity/Q4167410>,3_100ms_to_1s,1745550
<http://www.wikidata.org/entity/Q56436498>,2_10ms_to_100ms,62448
<http://www.wikidata.org/entity/Q773668>,2_10ms_to_100ms,22018
<http://www.wikidata.org/entity/Q26211545>,1_less_10ms,1004
<http://www.wikidata.org/entity/Q43229>,5_more_10s,2218
<http://www.wikidata.org/entity/Q8502>,1_less_10ms,4430
<http://www.wikidata.org/entity/Q2467461>,1_less_10ms,65
<http://www.wikidata.org/entity/Q176799>,3_100ms_to_1s,9323
<http://www.wikidata.org/entity/Q66826848>,2_10ms_to_100ms,2703
<http://www.wikidata.org/entity/Q35127>,5_more_10s,2984
<http://www.wikidata.org/entity/Q30612>,3_100ms_to_1s,5415
<http://www.wikidata.org/entity/Q839954>,5_more_10s,398
<http://www.wikidata.org/entity/Q13100073>,5_more_10s,13
<http://www.wikidata.org/entity/Q2151232>,2_10ms_to_100ms,6421
<http://www.wikidata.org/entity/Q67383935>,4_1s_to_10s,500
<http://www.wikidata.org/entity/Q891723>,1_less_10ms,7804
<http://www.wikidata.org/entity/Q1002697>,4_1s_to_10s,2239
<http://www.wikidata.org/entity/Q178561>,1_less_10ms,806
<http://www.wikidata.org/entity/Q21672098>,2_10ms_to_100ms,15840
<http://www.wikidata.org/entity/Q1520033>,4_1s_to_10s,9813
<http://www.wikidata.org/entity/Q4022>,1_less_10ms,3801
<http://www.wikidata.org/entity/Q108325>,4_1s_to_10s,11322
<http://www.wikidata.org/entity/Q59199015>,4_1s_to_10s,367
<http://www.wikidata.org/entity/Q482>,5_more_10s,36
<http://www.wikidata.org/entity/Q26267864>,3_100ms_to_1s,209
<http://www.wikidata.org/entity/Q6451276>,1_less_10ms,2
<http://www.wikidata.org/entity/Q11266439>,5_more_10s,401
<http://www.wikidata.org/entity/Q105543609>,4_1s_to_10s,8352
<http://www.wikidata.org/entity/Q125191>,5_more_10s,498
<http://www.wikidata.org/entity/Q532>,4_1s_to_10s,14665
<http://www.wikidata.org/entity/Q740445>,3_100ms_to_1s,1915
<http://www.wikidata.org/entity/Q420927>,4_1s_to_10s,25
<http://www.wikidata.org/entity/Q93184>,5_more_10s,210
<http://www.wikidata.org/entity/Q102496>,1_less_10ms,24
<http://www.wikidata.org/entity/Q3331189>,2_10ms_to_100ms,302111
<http://www.wikidata.org/entity/Q56428020>,2_10ms_to_100ms,2461
<http://www.wikidata.org/entity/Q49008>,2_10ms_to_100ms,3426
<http://www.wikidata.org/entity/Q189004>,3_100ms_to_1s,39889
<http://www.wikidata.org/entity/Q2668072>,5_more_10s,1066
<http://www.wikidata.org/entity/Q1115575>,3_100ms_to_1s,26939
<http://www.wikidata.org/entity/Q123705>,3_100ms_to_1s,38355
<http://www.wikidata.org/entity/Q57733494>,2_10ms_to_100ms,25917
<http://www.wikidata.org/entity/Q2042028>,4_1s_to_10s,360
<http://www.wikidata.org/entity/Q40231>,3_100ms_to_1s,12601
<http://www.wikidata.org/entity/Q1520033>,2_10ms_to_100ms,6355
<http://www.wikidata.org/entity/Q15632617>,1_less_10ms,2407
<http://www.wikidata.org/entity/Q4989906>,2_10ms_to_100ms,41737
<http://www.wikidata.org/entity/Q105543609>,5_more_10s,138
<http://www.wikidata.org/entity/Q22969563>,2_10ms_to_100ms,7446
<http://www.wikidata.org/entity/Q202444>,4_1s_to_10s,1486
<http://www.wikidata.org/entity/Q65954115>,3_100ms_to_1s,520
<http://www.wikidata.org/entity/Q13433827>,4_1s_to_10s,1138
<http://www.wikidata.org/entity/Q3947>,3_100ms_to_1s,28652
<http://www.wikidata.org/entity/Q207326>,3_100ms_to_1s,6473
<http://www.wikidata.org/entity/Q187223>,3_100ms_to_1s,3778
<http://www.wikidata.org/entity/Q21199>,1_less_10ms,463
<http://www.wikidata.org/entity/Q1681353>,4_1s_to_10s,831
<http://www.wikidata.org/entity/Q163740>,1_less_10ms,1272
<http://www.wikidata.org/entity/Q355304>,5_more_10s,207
<http://www.wikidata.org/entity/Q220659>,4_1s_to_10s,506
<http://www.wikidata.org/entity/Q459297>,2_10ms_to_100ms,609
<http://www.wikidata.org/entity/Q174782>,4_1s_to_10s,11284
<http://www.wikidata.org/entity/Q42195>,4_1s_to_10s,615
<http://www.wikidata.org/entity/Q15184295>,2_10ms_to_100ms,8636
<http://www.wikidata.org/entity/Q7187>,5_more_10s,5459
<http://www.wikidata.org/entity/Q2065736>,1_less_10ms,969
<http://www.wikidata.org/entity/Q27555384>,5_more_10s,44
<http://www.wikidata.org/entity/Q815382>,4_1s_to_10s,937
<http://www.wikidata.org/entity/Q7075>,1_less_10ms,434
<http://www.wikidata.org/entity/Q19692072>,5_more_10s,6
<http://www.wikidata.org/entity/Q11753321>,4_1s_to_10s,291
<http://www.wikidata.org/entity/Q125191>,2_10ms_to_100ms,58771
<http://www.wikidata.org/entity/Q14204246>,2_10ms_to_100ms,495477
<http://www.wikidata.org/entity/Q27020041>,5_more_10s,145
<http://www.wikidata.org/entity/Q15632617>,4_1s_to_10s,9891
<http://www.wikidata.org/entity/Q811979>,4_1s_to_10s,15857
<http://www.wikidata.org/entity/Q18663566>,2_10ms_to_100ms,24509
<http://www.wikidata.org/entity/Q185113>,4_1s_to_10s,2906
<http://www.wikidata.org/entity/Q169930>,1_less_10ms,223
<http://www.wikidata.org/entity/Q860861>,2_10ms_to_100ms,54586
<http://www.wikidata.org/entity/Q19860854>,4_1s_to_10s,3990
<http://www.wikidata.org/entity/Q7075>,4_1s_to_10s,11810
<http://www.wikidata.org/entity/Q67035425>,1_less_10ms,3
<http://www.wikidata.org/entity/Q18593264>,2_10ms_to_100ms,28756
<http://www.wikidata.org/entity/Q210272>,2_10ms_to_100ms,15539
<http://www.wikidata.org/entity/Q1529096>,2_10ms_to_100ms,5825
<http://www.wikidata.org/entity/Q12308941>,2_10ms_to_100ms,143505
<http://www.wikidata.org/entity/Q1539532>,1_less_10ms,69
<http://www.wikidata.org/entity/Q179700>,2_10ms_to_100ms,28009
<http://www.wikidata.org/entity/Q842402>,5_more_10s,174
<http://www.wikidata.org/entity/Q5398426>,3_100ms_to_1s,376223
<http://www.wikidata.org/entity/Q178561>,4_1s_to_10s,3858
<http://www.wikidata.org/entity/Q2334719>,4_1s_to_10s,473
<http://www.wikidata.org/entity/Q23413>,3_100ms_to_1s,30866
<http://www.wikidata.org/entity/Q47345468>,4_1s_to_10s,444
<http://www.wikidata.org/entity/Q160091>,1_less_10ms,84
<http://www.wikidata.org/entity/Q16521>,4_1s_to_10s,50635
<http://www.wikidata.org/entity/Q86850539>,2_10ms_to_100ms,92027
<http://www.wikidata.org/entity/Q13406554>,2_10ms_to_100ms,45982
<http://www.wikidata.org/entity/Q928830>,3_100ms_to_1s,14080
<http://www.wikidata.org/entity/Q13406554>,1_less_10ms,221
<http://www.wikidata.org/entity/Q210272>,4_1s_to_10s,21974
<http://www.wikidata.org/entity/Q41176>,2_10ms_to_100ms,132542
<http://www.wikidata.org/entity/Q5783996>,4_1s_to_10s,1150
<http://www.wikidata.org/entity/Q34763>,4_1s_to_10s,3713
<http://www.wikidata.org/entity/Q46686>,3_100ms_to_1s,1087
<http://www.wikidata.org/entity/Q2225692>,3_100ms_to_1s,9225
<http://www.wikidata.org/entity/Q9842>,4_1s_to_10s,9763
<http://www.wikidata.org/entity/Q126807>,2_10ms_to_100ms,3307
<http://www.wikidata.org/entity/Q3231690>,5_more_10s,29
<http://www.wikidata.org/entity/Q27686>,1_less_10ms,552
<http://www.wikidata.org/entity/Q15221623>,3_100ms_to_1s,1403
<http://www.wikidata.org/entity/Q47461344>,1_less_10ms,2158
<http://www.wikidata.org/entity/Q1302249>,2_10ms_to_100ms,1616
<http://www.wikidata.org/entity/Q482>,4_1s_to_10s,249
<http://www.wikidata.org/entity/Q19389637>,1_less_10ms,130
<http://www.wikidata.org/entity/Q107102664>,1_less_10ms,8
<http://www.wikidata.org/entity/Q618779>,4_1s_to_10s,4711
<http://www.wikidata.org/entity/Q7604693>,3_100ms_to_1s,33
<http://www.wikidata.org/entity/Q18127>,2_10ms_to_100ms,89955
<http://www.wikidata.org/entity/Q5398426>,1_less_10ms,11221
<http://www.wikidata.org/entity/Q294414>,1_less_10ms,3272
<http://www.wikidata.org/entity/Q131681>,2_10ms_to_100ms,27593
<http://www.wikidata.org/entity/Q618779>,5_more_10s,3411
<http://www.wikidata.org/entity/Q7725634>,1_less_10ms,3483
<http://www.wikidata.org/entity/Q18593264>,5_more_10s,1632
<http://www.wikidata.org/entity/Q4504495>,2_10ms_to_100ms,32096
<http://www.wikidata.org/entity/Q121117>,5_more_10s,11
<http://www.wikidata.org/entity/Q427087>,5_more_10s,65
<http://www.wikidata.org/entity/Q634099>,4_1s_to_10s,1680
<http://www.wikidata.org/entity/Q30198>,3_100ms_to_1s,2233
<http://www.wikidata.org/entity/Q41176>,1_less_10ms,2612
<http://www.wikidata.org/entity/Q47345468>,3_100ms_to_1s,1340
<http://www.wikidata.org/entity/Q29023906>,2_10ms_to_100ms,1564
<http://www.wikidata.org/entity/Q24529780>,5_more_10s,11
<http://www.wikidata.org/entity/Q15303838>,1_less_10ms,213
<http://www.wikidata.org/entity/Q97695005>,2_10ms_to_100ms,89
<http://www.wikidata.org/entity/Q634099>,5_more_10s,10
<http://www.wikidata.org/entity/Q14659>,5_more_10s,169
<http://www.wikidata.org/entity/Q953806>,3_100ms_to_1s,3062
<http://www.wikidata.org/entity/Q1134686>,4_1s_to_10s,9306
<http://www.wikidata.org/entity/Q27671617>,3_100ms_to_1s,118
<http://www.wikidata.org/entity/Q34770>,5_more_10s,4601
<http://www.wikidata.org/entity/Q1504425>,5_more_10s,6
<http://www.wikidata.org/entity/Q179049>,3_100ms_to_1s,12981
<http://www.wikidata.org/entity/Q56436498>,4_1s_to_10s,6106
<http://www.wikidata.org/entity/Q131681>,1_less_10ms,326
<http://www.wikidata.org/entity/Q65954115>,5_more_10s,5
<http://www.wikidata.org/entity/Q1348305>,2_10ms_to_100ms,8818
<http://www.wikidata.org/entity/Q23413>,2_10ms_to_100ms,79445
<http://www.wikidata.org/entity/Q1302249>,4_1s_to_10s,113
<http://www.wikidata.org/entity/Q28564>,2_10ms_to_100ms,18733
<http://www.wikidata.org/entity/Q5398426>,5_more_10s,40617
<http://www.wikidata.org/entity/Q43460564>,4_1s_to_10s,68
<http://www.wikidata.org/entity/Q12308941>,1_less_10ms,2047
<http://www.wikidata.org/entity/Q59199015>,5_more_10s,156
<http://www.wikidata.org/entity/Q155076>,3_100ms_to_1s,61568
<http://www.wikidata.org/entity/Q575759>,3_100ms_to_1s,6022
<http://www.wikidata.org/entity/Q11424>,4_1s_to_10s,63553
<http://www.wikidata.org/entity/Q26895936>,3_100ms_to_1s,1609
<http://www.wikidata.org/entity/Q23925393>,3_100ms_to_1s,933
<http://www.wikidata.org/entity/Q102496>,4_1s_to_10s,2737
<http://www.wikidata.org/entity/Q7321974>,5_more_10s,3
<http://www.wikidata.org/entity/Q134556>,2_10ms_to_100ms,350510
<http://www.wikidata.org/entity/Q473972>,2_10ms_to_100ms,52449
<http://www.wikidata.org/entity/Q6999>,4_1s_to_10s,14036
<http://www.wikidata.org/entity/Q27686>,2_10ms_to_100ms,40420
<http://www.wikidata.org/entity/Q19860854>,5_more_10s,71
<http://www.wikidata.org/entity/Q585956>,5_more_10s,12
<http://www.wikidata.org/entity/Q1303167>,3_100ms_to_1s,1421
<http://www.wikidata.org/entity/Q12317349>,1_less_10ms,58
<http://www.wikidata.org/entity/Q51591359>,1_less_10ms,1
<http://www.wikidata.org/entity/Q294414>,2_10ms_to_100ms,155731
<http://www.wikidata.org/entity/Q34763>,3_100ms_to_1s,9573
<http://www.wikidata.org/entity/Q16560>,4_1s_to_10s,9975
<http://www.wikidata.org/entity/Q4167410>,5_more_10s,5862
<http://www.wikidata.org/entity/Q11879590>,2_10ms_to_100ms,113865
<http://www.wikidata.org/entity/Q10870555>,2_10ms_to_100ms,6597
<http://www.wikidata.org/entity/Q191067>,3_100ms_to_1s,6467
<http://www.wikidata.org/entity/Q11446>,2_10ms_to_100ms,64878
<http://www.wikidata.org/entity/Q34770>,3_100ms_to_1s,127940
<http://www.wikidata.org/entity/Q33506>,3_100ms_to_1s,61173
<http://www.wikidata.org/entity/Q61443690>,2_10ms_to_100ms,4384
<http://www.wikidata.org/entity/Q12323>,5_more_10s,48
<http://www.wikidata.org/entity/Q189004>,5_more_10s,47
<http://www.wikidata.org/entity/Q46135307>,1_less_10ms,44
<http://www.wikidata.org/entity/Q18593264>,4_1s_to_10s,16445
<http://www.wikidata.org/entity/Q27020041>,1_less_10ms,1028
<http://www.wikidata.org/entity/Q575759>,4_1s_to_10s,6335
<http://www.wikidata.org/entity/Q452237>,2_10ms_to_100ms,259
<http://www.wikidata.org/entity/Q187223>,2_10ms_to_100ms,5792
<http://www.wikidata.org/entity/Q34442>,3_100ms_to_1s,61289
<http://www.wikidata.org/entity/Q965568>,2_10ms_to_100ms,77523
<http://www.wikidata.org/entity/Q839954>,4_1s_to_10s,13943
<http://www.wikidata.org/entity/Q3257686>,4_1s_to_10s,11680
<http://www.wikidata.org/entity/Q11266439>,2_10ms_to_100ms,118294
<http://www.wikidata.org/entity/Q39816>,3_100ms_to_1s,6285
<http://www.wikidata.org/entity/Q67015883>,4_1s_to_10s,110
<http://www.wikidata.org/entity/Q473972>,5_more_10s,763
<http://www.wikidata.org/entity/Q4167836>,5_more_10s,5220
<http://www.wikidata.org/entity/Q839954>,3_100ms_to_1s,36386
<http://www.wikidata.org/entity/Q3257686>,5_more_10s,592
<http://www.wikidata.org/entity/Q506240>,4_1s_to_10s,2994
<http://www.wikidata.org/entity/Q13406463>,2_10ms_to_100ms,970613
<http://www.wikidata.org/entity/Q3914>,2_10ms_to_100ms,68130
<http://www.wikidata.org/entity/Q15221623>,2_10ms_to_100ms,19629
<http://www.wikidata.org/entity/Q1303167>,2_10ms_to_100ms,1426
<http://www.wikidata.org/entity/Q19855165>,4_1s_to_10s,208
<http://www.wikidata.org/entity/Q159334>,1_less_10ms,233
<http://www.wikidata.org/entity/Q34763>,1_less_10ms,301
<http://www.wikidata.org/entity/Q1266946>,1_less_10ms,11
<http://www.wikidata.org/entity/Q2309609>,2_10ms_to_100ms,1550
<http://www.wikidata.org/entity/Q99045339>,4_1s_to_10s,138
<http://www.wikidata.org/entity/Q6503489>,4_1s_to_10s,48
<http://www.wikidata.org/entity/Q13417114>,2_10ms_to_100ms,25977
<http://www.wikidata.org/entity/Q532>,5_more_10s,494
<http://www.wikidata.org/entity/Q46135307>,4_1s_to_10s,447
<http://www.wikidata.org/entity/Q4022>,5_more_10s,591
<http://www.wikidata.org/entity/Q166735>,5_more_10s,4
<http://www.wikidata.org/entity/Q5358913>,5_more_10s,10
<http://www.wikidata.org/entity/Q220659>,2_10ms_to_100ms,13888
<http://www.wikidata.org/entity/Q30198>,1_less_10ms,36
<http://www.wikidata.org/entity/Q3305213>,1_less_10ms,5076
<http://www.wikidata.org/entity/Q41176>,5_more_10s,865
<http://www.wikidata.org/entity/Q16917>,4_1s_to_10s,12093
<http://www.wikidata.org/entity/Q811979>,5_more_10s,893
<http://www.wikidata.org/entity/Q47345468>,2_10ms_to_100ms,22545
<http://www.wikidata.org/entity/Q15303838>,2_10ms_to_100ms,18243
<http://www.wikidata.org/entity/Q13442814>,5_more_10s,4741
<http://www.wikidata.org/entity/Q4022>,3_100ms_to_1s,54508
<http://www.wikidata.org/entity/Q23038290>,2_10ms_to_100ms,117341
<http://www.wikidata.org/entity/Q5084>,5_more_10s,137
<http://www.wikidata.org/entity/Q1504425>,1_less_10ms,21
<http://www.wikidata.org/entity/Q459297>,3_100ms_to_1s,221
<http://www.wikidata.org/entity/Q185113>,1_less_10ms,146
<http://www.wikidata.org/entity/Q5>,2_10ms_to_100ms,37488989
<http://www.wikidata.org/entity/Q67015883>,2_10ms_to_100ms,19748
<http://www.wikidata.org/entity/Q4022>,4_1s_to_10s,15797
<http://www.wikidata.org/entity/Q44613>,4_1s_to_10s,11122
<http://www.wikidata.org/entity/Q19860854>,3_100ms_to_1s,9254
<http://www.wikidata.org/entity/Q14350>,4_1s_to_10s,3879
<http://www.wikidata.org/entity/Q737498>,1_less_10ms,931
<http://www.wikidata.org/entity/Q26887310>,5_more_10s,5
<http://www.wikidata.org/entity/Q159334>,3_100ms_to_1s,34950
<http://www.wikidata.org/entity/Q838948>,3_100ms_to_1s,172728
<http://www.wikidata.org/entity/Q59541917>,2_10ms_to_100ms,40984
<http://www.wikidata.org/entity/Q22808320>,5_more_10s,604
<http://www.wikidata.org/entity/Q17343829>,2_10ms_to_100ms,128445
<http://www.wikidata.org/entity/Q187685>,2_10ms_to_100ms,3086
<http://www.wikidata.org/entity/Q55488>,1_less_10ms,3834
<http://www.wikidata.org/entity/Q40231>,4_1s_to_10s,1022
<http://www.wikidata.org/entity/Q8054>,3_100ms_to_1s,63057
<http://www.wikidata.org/entity/Q1497375>,4_1s_to_10s,8708
<http://www.wikidata.org/entity/Q847017>,4_1s_to_10s,7169
<http://www.wikidata.org/entity/Q2593777>,4_1s_to_10s,578
<http://www.wikidata.org/entity/Q33506>,5_more_10s,3291
<http://www.wikidata.org/entity/Q34770>,1_less_10ms,77586
<http://www.wikidata.org/entity/Q19389637>,2_10ms_to_100ms,6024
<http://www.wikidata.org/entity/Q207326>,2_10ms_to_100ms,9332
<http://www.wikidata.org/entity/Q735428>,2_10ms_to_100ms,35267
<http://www.wikidata.org/entity/Q15647814>,3_100ms_to_1s,1491
<http://www.wikidata.org/entity/Q107102664>,4_1s_to_10s,34
<http://www.wikidata.org/entity/Q953806>,5_more_10s,17
<http://www.wikidata.org/entity/Q14350>,5_more_10s,290
<http://www.wikidata.org/entity/Q13406554>,3_100ms_to_1s,19126
<http://www.wikidata.org/entity/Q310890>,3_100ms_to_1s,3751
<http://www.wikidata.org/entity/Q56731284>,3_100ms_to_1s,104
<http://www.wikidata.org/entity/Q47521>,3_100ms_to_1s,9902
<http://www.wikidata.org/entity/Q852190>,3_100ms_to_1s,3102
<http://www.wikidata.org/entity/Q210272>,5_more_10s,1256
<http://www.wikidata.org/entity/Q16521>,1_less_10ms,281395
<http://www.wikidata.org/entity/Q55850593>,5_more_10s,23
<http://www.wikidata.org/entity/Q3231690>,4_1s_to_10s,739
<http://www.wikidata.org/entity/Q12284>,5_more_10s,51
<http://www.wikidata.org/entity/Q179049>,2_10ms_to_100ms,24171
<http://www.wikidata.org/entity/Q34770>,2_10ms_to_100ms,1463691
<http://www.wikidata.org/entity/Q1681353>,2_10ms_to_100ms,1001
<http://www.wikidata.org/entity/Q23442>,4_1s_to_10s,21477
<http://www.wikidata.org/entity/Q27020041>,2_10ms_to_100ms,212369
<http://www.wikidata.org/entity/Q1529096>,4_1s_to_10s,7543
<http://www.wikidata.org/entity/Q22969563>,3_100ms_to_1s,1396
<http://www.wikidata.org/entity/Q12280>,1_less_10ms,553
<http://www.wikidata.org/entity/Q49008>,3_100ms_to_1s,933
<http://www.wikidata.org/entity/Q3464665>,2_10ms_to_100ms,223482
<http://www.wikidata.org/entity/Q21014462>,5_more_10s,73
<http://www.wikidata.org/entity/Q187971>,2_10ms_to_100ms,6224
<http://www.wikidata.org/entity/Q751876>,3_100ms_to_1s,16329
<http://www.wikidata.org/entity/Q46135307>,5_more_10s,3
<http://www.wikidata.org/entity/Q7777570>,4_1s_to_10s,326
<http://www.wikidata.org/entity/Q24529780>,1_less_10ms,69
<http://www.wikidata.org/entity/Q179700>,4_1s_to_10s,9762
<http://www.wikidata.org/entity/Q2231510>,1_less_10ms,6
<http://www.wikidata.org/entity/Q105543609>,1_less_10ms,2223
<http://www.wikidata.org/entity/Q953806>,4_1s_to_10s,3535
<http://www.wikidata.org/entity/Q7278>,2_10ms_to_100ms,166771
<http://www.wikidata.org/entity/Q732577>,5_more_10s,2213
<http://www.wikidata.org/entity/Q20541692>,2_10ms_to_100ms,555
<http://www.wikidata.org/entity/Q67035425>,3_100ms_to_1s,45
<http://www.wikidata.org/entity/Q16887380>,1_less_10ms,308
<http://www.wikidata.org/entity/Q55659167>,5_more_10s,10
<http://www.wikidata.org/entity/Q16970>,4_1s_to_10s,14484
<http://www.wikidata.org/entity/Q7604693>,2_10ms_to_100ms,9
<http://www.wikidata.org/entity/Q23413>,1_less_10ms,1201
<http://www.wikidata.org/entity/Q2593777>,3_100ms_to_1s,580
<http://www.wikidata.org/entity/Q189004>,2_10ms_to_100ms,20597
<http://www.wikidata.org/entity/Q108325>,5_more_10s,271
<http://www.wikidata.org/entity/Q62447>,3_100ms_to_1s,6494
<http://www.wikidata.org/entity/Q24354>,2_10ms_to_100ms,44306
<http://www.wikidata.org/entity/Q4164871>,5_more_10s,24170
<http://www.wikidata.org/entity/Q212198>,5_more_10s,33
<http://www.wikidata.org/entity/Q14860489>,3_100ms_to_1s,5978
<http://www.wikidata.org/entity/Q46831>,4_1s_to_10s,6287
<http://www.wikidata.org/entity/Q1303167>,1_less_10ms,31
<http://www.wikidata.org/entity/Q838948>,2_10ms_to_100ms,42541
<http://www.wikidata.org/entity/Q618779>,1_less_10ms,855
<http://www.wikidata.org/entity/Q820477>,5_more_10s,40
<http://www.wikidata.org/entity/Q815382>,1_less_10ms,86
<http://www.wikidata.org/entity/Q1580166>,1_less_10ms,49
<http://www.wikidata.org/entity/Q34023>,3_100ms_to_1s,2062
<http://www.wikidata.org/entity/Q55659167>,2_10ms_to_100ms,5343
<http://www.wikidata.org/entity/Q17524420>,5_more_10s,56
<http://www.wikidata.org/entity/Q23413>,5_more_10s,295
<http://www.wikidata.org/entity/Q3918>,3_100ms_to_1s,71339
<http://www.wikidata.org/entity/Q15416>,3_100ms_to_1s,59225
<http://www.wikidata.org/entity/Q2668072>,2_10ms_to_100ms,26041
<http://www.wikidata.org/entity/Q2116450>,2_10ms_to_100ms,2508
<http://www.wikidata.org/entity/Q5633421>,1_less_10ms,3060
<http://www.wikidata.org/entity/Q1002697>,5_more_10s,593
<http://www.wikidata.org/entity/Q179700>,1_less_10ms,552
<http://www.wikidata.org/entity/Q61443650>,1_less_10ms,17
<http://www.wikidata.org/entity/Q1516079>,2_10ms_to_100ms,4389
<http://www.wikidata.org/entity/Q820477>,4_1s_to_10s,4142
<http://www.wikidata.org/entity/Q6503489>,3_100ms_to_1s,244
<http://www.wikidata.org/entity/Q23397>,3_100ms_to_1s,32488
<http://www.wikidata.org/entity/Q2467461>,3_100ms_to_1s,48106
<http://www.wikidata.org/entity/Q8502>,5_more_10s,493
<http://www.wikidata.org/entity/Q13406554>,5_more_10s,109
<http://www.wikidata.org/entity/Q15632617>,3_100ms_to_1s,70757
<http://www.wikidata.org/entity/Q5185279>,3_100ms_to_1s,35366
<http://www.wikidata.org/entity/Q30612>,1_less_10ms,352
<http://www.wikidata.org/entity/Q235557>,3_100ms_to_1s,78320
<http://www.wikidata.org/entity/Q93184>,1_less_10ms,215
<http://www.wikidata.org/entity/Q11446>,4_1s_to_10s,5970
<http://www.wikidata.org/entity/Q67015883>,5_more_10s,17
<http://www.wikidata.org/entity/Q14860489>,2_10ms_to_100ms,91809
<http://www.wikidata.org/entity/Q23442>,5_more_10s,359
<http://www.wikidata.org/entity/Q55659167>,3_100ms_to_1s,2568
<http://www.wikidata.org/entity/Q11879590>,4_1s_to_10s,1419
<http://www.wikidata.org/entity/Q18340514>,1_less_10ms,1575
<http://www.wikidata.org/entity/Q56731284>,1_less_10ms,11
<http://www.wikidata.org/entity/Q5707594>,2_10ms_to_100ms,1686
<http://www.wikidata.org/entity/Q847017>,5_more_10s,64
<http://www.wikidata.org/entity/Q42195>,5_more_10s,3
<http://www.wikidata.org/entity/Q25379>,4_1s_to_10s,1164
<http://www.wikidata.org/entity/Q6881511>,2_10ms_to_100ms,544681
<http://www.wikidata.org/entity/Q953806>,2_10ms_to_100ms,5382
<http://www.wikidata.org/entity/Q420927>,1_less_10ms,37
<http://www.wikidata.org/entity/Q41253>,4_1s_to_10s,15621
<http://www.wikidata.org/entity/Q47150325>,4_1s_to_10s,128
<http://www.wikidata.org/entity/Q815382>,5_more_10s,70
<http://www.wikidata.org/entity/Q220659>,5_more_10s,19
<http://www.wikidata.org/entity/Q210272>,3_100ms_to_1s,103209
<http://www.wikidata.org/entity/Q928830>,5_more_10s,51
<http://www.wikidata.org/entity/Q2996394>,5_more_10s,31
<http://www.wikidata.org/entity/Q1516079>,5_more_10s,31
<http://www.wikidata.org/entity/Q23894233>,3_100ms_to_1s,616
<http://www.wikidata.org/entity/Q187971>,1_less_10ms,38
<http://www.wikidata.org/entity/Q179049>,4_1s_to_10s,4278
<http://www.wikidata.org/entity/Q4504495>,5_more_10s,215
<http://www.wikidata.org/entity/Q473972>,1_less_10ms,790
<http://www.wikidata.org/entity/Q8054>,2_10ms_to_100ms,280856
<http://www.wikidata.org/entity/Q898273>,5_more_10s,2
<http://www.wikidata.org/entity/Q1529096>,1_less_10ms,77
<http://www.wikidata.org/entity/Q43229>,4_1s_to_10s,99599
<http://www.wikidata.org/entity/Q191067>,4_1s_to_10s,815
<http://www.wikidata.org/entity/Q11060274>,4_1s_to_10s,1349
<http://www.wikidata.org/entity/Q11032>,5_more_10s,532
<http://www.wikidata.org/entity/Q13100073>,4_1s_to_10s,2269
<http://www.wikidata.org/entity/Q486972>,5_more_10s,1805
<http://www.wikidata.org/entity/Q61443690>,4_1s_to_10s,176
<http://www.wikidata.org/entity/Q2116450>,5_more_10s,65
<http://www.wikidata.org/entity/Q2151232>,3_100ms_to_1s,1613
<http://www.wikidata.org/entity/Q571>,4_1s_to_10s,2637
<http://www.wikidata.org/entity/Q28564>,1_less_10ms,211
<http://www.wikidata.org/entity/Q16917>,5_more_10s,291
<http://www.wikidata.org/entity/Q506240>,3_100ms_to_1s,181091
<http://www.wikidata.org/entity/Q43460564>,1_less_10ms,31
<http://www.wikidata.org/entity/Q134556>,4_1s_to_10s,5994
<http://www.wikidata.org/entity/Q11446>,1_less_10ms,646
<http://www.wikidata.org/entity/Q17018380>,2_10ms_to_100ms,3119
<http://www.wikidata.org/entity/Q15184295>,4_1s_to_10s,74
<http://www.wikidata.org/entity/Q417841>,4_1s_to_10s,100
<http://www.wikidata.org/entity/Q2225692>,2_10ms_to_100ms,329630
<http://www.wikidata.org/entity/Q928830>,4_1s_to_10s,11379
<http://www.wikidata.org/entity/Q65661087>,5_more_10s,18
<http://www.wikidata.org/entity/Q3331189>,1_less_10ms,1403
<http://www.wikidata.org/entity/Q2668072>,3_100ms_to_1s,104887
<http://www.wikidata.org/entity/Q1348305>,3_100ms_to_1s,6482
<http://www.wikidata.org/entity/Q2334719>,5_more_10s,9
<http://www.wikidata.org/entity/Q2732840>,3_100ms_to_1s,921
<http://www.wikidata.org/entity/Q7187>,4_1s_to_10s,22863
<http://www.wikidata.org/entity/Q1081138>,3_100ms_to_1s,7450
<http://www.wikidata.org/entity/Q7725634>,4_1s_to_10s,5651
<http://www.wikidata.org/entity/Q7075>,3_100ms_to_1s,24595
<http://www.wikidata.org/entity/Q732577>,4_1s_to_10s,8093
<http://www.wikidata.org/entity/Q16466010>,1_less_10ms,26
<http://www.wikidata.org/entity/Q891723>,4_1s_to_10s,16249
<http://www.wikidata.org/entity/Q7397>,5_more_10s,239
<http://www.wikidata.org/entity/Q2065736>,2_10ms_to_100ms,40736
<http://www.wikidata.org/entity/Q42195>,1_less_10ms,4
<http://www.wikidata.org/entity/Q8502>,2_10ms_to_100ms,174729
<http://www.wikidata.org/entity/Q1081138>,2_10ms_to_100ms,12570
<http://www.wikidata.org/entity/Q178561>,2_10ms_to_100ms,65631
<http://www.wikidata.org/entity/Q39816>,2_10ms_to_100ms,16510
<http://www.wikidata.org/entity/Q61089180>,2_10ms_to_100ms,16278
<http://www.wikidata.org/entity/Q55488>,2_10ms_to_100ms,197661
<http://www.wikidata.org/entity/Q2996394>,4_1s_to_10s,641
<http://www.wikidata.org/entity/Q102496>,5_more_10s,15
<http://www.wikidata.org/entity/Q26211545>,5_more_10s,18
<http://www.wikidata.org/entity/Q26703203>,2_10ms_to_100ms,479
<http://www.wikidata.org/entity/Q235557>,5_more_10s,88
<http://www.wikidata.org/entity/Q47150325>,5_more_10s,6
<http://www.wikidata.org/entity/Q24046192>,1_less_10ms,22
<http://www.wikidata.org/entity/Q820655>,3_100ms_to_1s,4459
<http://www.wikidata.org/entity/Q726>,5_more_10s,154
<http://www.wikidata.org/entity/Q482>,3_100ms_to_1s,874
<http://www.wikidata.org/entity/Q106474968>,3_100ms_to_1s,97
<http://www.wikidata.org/entity/Q1497375>,2_10ms_to_100ms,13390
<http://www.wikidata.org/entity/Q452237>,5_more_10s,21
<http://www.wikidata.org/entity/Q7604686>,4_1s_to_10s,99
<http://www.wikidata.org/entity/Q294414>,4_1s_to_10s,3036
<http://www.wikidata.org/entity/Q4989906>,5_more_10s,345
<http://www.wikidata.org/entity/Q26267864>,1_less_10ms,5
<http://www.wikidata.org/entity/Q235557>,4_1s_to_10s,6817
<http://www.wikidata.org/entity/Q23925393>,5_more_10s,4
<http://www.wikidata.org/entity/Q3918>,1_less_10ms,2980
<http://www.wikidata.org/entity/Q4164871>,4_1s_to_10s,99628
<http://www.wikidata.org/entity/Q358>,2_10ms_to_100ms,12425
<http://www.wikidata.org/entity/Q192287>,5_more_10s,56
<http://www.wikidata.org/entity/Q166735>,3_100ms_to_1s,1250
<http://www.wikidata.org/entity/Q751876>,5_more_10s,163
<http://www.wikidata.org/entity/Q212198>,1_less_10ms,153
<http://www.wikidata.org/entity/Q21014462>,4_1s_to_10s,926
<http://www.wikidata.org/entity/Q50386450>,1_less_10ms,87
<http://www.wikidata.org/entity/Q4167410>,2_10ms_to_100ms,1911778
<http://www.wikidata.org/entity/Q46686>,2_10ms_to_100ms,1251
<http://www.wikidata.org/entity/Q811979>,1_less_10ms,1161
<http://www.wikidata.org/entity/Q26894053>,4_1s_to_10s,148
<http://www.wikidata.org/entity/Q187685>,5_more_10s,48
<http://www.wikidata.org/entity/Q1195098>,5_more_10s,15
<http://www.wikidata.org/entity/Q310890>,5_more_10s,41
<http://www.wikidata.org/entity/Q185113>,2_10ms_to_100ms,18881
<http://www.wikidata.org/entity/Q7889>,2_10ms_to_100ms,599954
<http://www.wikidata.org/entity/Q482994>,3_100ms_to_1s,100891
<http://www.wikidata.org/entity/Q1577547>,3_100ms_to_1s,1440
<http://www.wikidata.org/entity/Q820655>,1_less_10ms,162
<http://www.wikidata.org/entity/Q847017>,3_100ms_to_1s,24990
<http://www.wikidata.org/entity/Q253019>,3_100ms_to_1s,54901
<http://www.wikidata.org/entity/Q2514025>,2_10ms_to_100ms,20685
<http://www.wikidata.org/entity/Q207524>,3_100ms_to_1s,1997
<http://www.wikidata.org/entity/Q19692072>,1_less_10ms,90
<http://www.wikidata.org/entity/Q3052382>,5_more_10s,17
<http://www.wikidata.org/entity/Q898273>,3_100ms_to_1s,2498
<http://www.wikidata.org/entity/Q27020041>,4_1s_to_10s,1457
<http://www.wikidata.org/entity/Q22698>,5_more_10s,166
<http://www.wikidata.org/entity/Q2085381>,3_100ms_to_1s,77366
<http://www.wikidata.org/entity/Q24862>,3_100ms_to_1s,105500
<http://www.wikidata.org/entity/Q24354>,5_more_10s,206
<http://www.wikidata.org/entity/Q3914>,5_more_10s,286
<http://www.wikidata.org/entity/Q35509>,5_more_10s,60
<http://www.wikidata.org/entity/Q1505023>,3_100ms_to_1s,347
<http://www.wikidata.org/entity/Q26211545>,4_1s_to_10s,1481
<http://www.wikidata.org/entity/Q2231510>,2_10ms_to_100ms,168
<http://www.wikidata.org/entity/Q2231510>,3_100ms_to_1s,134
<http://www.wikidata.org/entity/Q23058136>,1_less_10ms,86
<http://www.wikidata.org/entity/Q16887380>,4_1s_to_10s,1609
<http://www.wikidata.org/entity/Q277338>,2_10ms_to_100ms,2448
<http://www.wikidata.org/entity/Q2467461>,4_1s_to_10s,974
<http://www.wikidata.org/entity/Q19855165>,5_more_10s,1
<http://www.wikidata.org/entity/Q726>,2_10ms_to_100ms,28592
<http://www.wikidata.org/entity/Q7777570>,2_10ms_to_100ms,3905
<http://www.wikidata.org/entity/Q29023906>,5_more_10s,1
<http://www.wikidata.org/entity/Q417841>,5_more_10s,10
<http://www.wikidata.org/entity/Q43229>,2_10ms_to_100ms,445694
<http://www.wikidata.org/entity/Q65661087>,3_100ms_to_1s,3244
<http://www.wikidata.org/entity/Q6453643>,3_100ms_to_1s,544
<http://www.wikidata.org/entity/Q15184295>,3_100ms_to_1s,774
<http://www.wikidata.org/entity/Q30612>,5_more_10s,98
<http://www.wikidata.org/entity/Q34763>,5_more_10s,151
<http://www.wikidata.org/entity/Q22808320>,2_10ms_to_100ms,381752
<http://www.wikidata.org/entity/Q4504495>,3_100ms_to_1s,17424
<http://www.wikidata.org/entity/Q34442>,5_more_10s,569
<http://www.wikidata.org/entity/Q726>,1_less_10ms,396
<http://www.wikidata.org/entity/Q50231>,3_100ms_to_1s,682
<http://www.wikidata.org/entity/Q106006703>,3_100ms_to_1s,26
<http://www.wikidata.org/entity/Q17524420>,1_less_10ms,1194
<http://www.wikidata.org/entity/Q26895936>,1_less_10ms,227
<http://www.wikidata.org/entity/Q31855>,4_1s_to_10s,7143
<http://www.wikidata.org/entity/Q985488>,2_10ms_to_100ms,10740
<http://www.wikidata.org/entity/Q21191270>,1_less_10ms,1581
<http://www.wikidata.org/entity/Q106474968>,1_less_10ms,10
<http://www.wikidata.org/entity/Q17633526>,3_100ms_to_1s,2264
<http://www.wikidata.org/entity/Q3231690>,1_less_10ms,1440
<http://www.wikidata.org/entity/Q43229>,1_less_10ms,4052
<http://www.wikidata.org/entity/Q15647814>,4_1s_to_10s,271
<http://www.wikidata.org/entity/Q1529096>,5_more_10s,345
<http://www.wikidata.org/entity/Q17524420>,2_10ms_to_100ms,62805
<http://www.wikidata.org/entity/Q1134686>,3_100ms_to_1s,10099
<http://www.wikidata.org/entity/Q4164871>,2_10ms_to_100ms,399646
<http://www.wikidata.org/entity/Q160091>,2_10ms_to_100ms,10493
<http://www.wikidata.org/entity/Q235557>,2_10ms_to_100ms,13755
<http://www.wikidata.org/entity/Q65954115>,2_10ms_to_100ms,148
<http://www.wikidata.org/entity/Q486972>,1_less_10ms,6086
<http://www.wikidata.org/entity/Q187223>,1_less_10ms,46
<http://www.wikidata.org/entity/Q11755880>,5_more_10s,51
<http://www.wikidata.org/entity/Q16510064>,3_100ms_to_1s,3304
<http://www.wikidata.org/entity/Q125191>,4_1s_to_10s,149455
<http://www.wikidata.org/entity/Q14204246>,5_more_10s,1755
<http://www.wikidata.org/entity/Q18918145>,5_more_10s,61
<http://www.wikidata.org/entity/Q81505329>,4_1s_to_10s,47
<http://www.wikidata.org/entity/Q5783996>,3_100ms_to_1s,2915
<http://www.wikidata.org/entity/Q898273>,2_10ms_to_100ms,38934
<http://www.wikidata.org/entity/Q965568>,3_100ms_to_1s,2508
<http://www.wikidata.org/entity/Q18761202>,5_more_10s,189
<http://www.wikidata.org/entity/Q27555384>,1_less_10ms,72
<http://www.wikidata.org/entity/Q100532807>,2_10ms_to_100ms,398
<http://www.wikidata.org/entity/Q25379>,1_less_10ms,1394
<http://www.wikidata.org/entity/Q22698>,2_10ms_to_100ms,99085
<http://www.wikidata.org/entity/Q12317349>,4_1s_to_10s,3845
<http://www.wikidata.org/entity/Q35509>,2_10ms_to_100ms,76693
<http://www.wikidata.org/entity/Q3914>,3_100ms_to_1s,62437
<http://www.wikidata.org/entity/Q484170>,3_100ms_to_1s,209001
<http://www.wikidata.org/entity/Q107102664>,3_100ms_to_1s,88
<http://www.wikidata.org/entity/Q15184295>,1_less_10ms,10
<http://www.wikidata.org/entity/Q185113>,3_100ms_to_1s,7951
<http://www.wikidata.org/entity/Q93184>,2_10ms_to_100ms,7380
<http://www.wikidata.org/entity/Q29654788>,4_1s_to_10s,6014
<http://www.wikidata.org/entity/Q18127>,5_more_10s,547
<http://www.wikidata.org/entity/Q2593777>,1_less_10ms,33
<http://www.wikidata.org/entity/Q155076>,5_more_10s,9
<http://www.wikidata.org/entity/Q133056>,3_100ms_to_1s,5105
<http://www.wikidata.org/entity/Q3052382>,2_10ms_to_100ms,874
<http://www.wikidata.org/entity/Q5707594>,1_less_10ms,52
<http://www.wikidata.org/entity/Q185113>,5_more_10s,32
<http://www.wikidata.org/entity/Q11446>,5_more_10s,53
<http://www.wikidata.org/entity/Q62447>,5_more_10s,52
<http://www.wikidata.org/entity/Q59541917>,4_1s_to_10s,486
<http://www.wikidata.org/entity/Q15243209>,2_10ms_to_100ms,35252
<http://www.wikidata.org/entity/Q26894053>,3_100ms_to_1s,754
<http://www.wikidata.org/entity/Q13442814>,2_10ms_to_100ms,993232
<http://www.wikidata.org/entity/Q9826>,3_100ms_to_1s,54550
<http://www.wikidata.org/entity/Q24529780>,2_10ms_to_100ms,10541
<http://www.wikidata.org/entity/Q1539532>,5_more_10s,2
<http://www.wikidata.org/entity/Q55850593>,3_100ms_to_1s,4668
<http://www.wikidata.org/entity/Q169930>,5_more_10s,104
<http://www.wikidata.org/entity/Q15416>,4_1s_to_10s,4753
<http://www.wikidata.org/entity/Q9826>,2_10ms_to_100ms,72754
<http://www.wikidata.org/entity/Q26895936>,2_10ms_to_100ms,45093
<http://www.wikidata.org/entity/Q35127>,1_less_10ms,1960
<http://www.wikidata.org/entity/Q1348305>,5_more_10s,31
<http://www.wikidata.org/entity/Q29023906>,3_100ms_to_1s,2149
<http://www.wikidata.org/entity/Q47345468>,5_more_10s,1
<http://www.wikidata.org/entity/Q2225692>,4_1s_to_10s,3239
<http://www.wikidata.org/entity/Q1238720>,3_100ms_to_1s,661
<http://www.wikidata.org/entity/Q61278455>,4_1s_to_10s,20
<http://www.wikidata.org/entity/Q1520033>,3_100ms_to_1s,93653
<http://www.wikidata.org/entity/Q55659167>,1_less_10ms,104
<http://www.wikidata.org/entity/Q355304>,1_less_10ms,381
<http://www.wikidata.org/entity/Q215380>,1_less_10ms,4805
<http://www.wikidata.org/entity/Q28564>,3_100ms_to_1s,13281
<http://www.wikidata.org/entity/Q20541692>,1_less_10ms,13
<http://www.wikidata.org/entity/Q473972>,3_100ms_to_1s,115611
<http://www.wikidata.org/entity/Q31855>,2_10ms_to_100ms,81347
<http://www.wikidata.org/entity/Q21672098>,5_more_10s,32
<http://www.wikidata.org/entity/Q215380>,5_more_10s,237
<http://www.wikidata.org/entity/Q66826848>,1_less_10ms,9
<http://www.wikidata.org/entity/Q7397>,1_less_10ms,645
<http://www.wikidata.org/entity/Q22808320>,1_less_10ms,1115
<http://www.wikidata.org/entity/Q166735>,1_less_10ms,26
<http://www.wikidata.org/entity/Q16466010>,4_1s_to_10s,199
<http://www.wikidata.org/entity/Q18918145>,1_less_10ms,62
<http://www.wikidata.org/entity/Q4421>,4_1s_to_10s,3833
<http://www.wikidata.org/entity/Q1348305>,1_less_10ms,34
<http://www.wikidata.org/entity/Q131681>,5_more_10s,50
<http://www.wikidata.org/entity/Q14659>,2_10ms_to_100ms,12849
<http://www.wikidata.org/entity/Q8502>,3_100ms_to_1s,32793
<http://www.wikidata.org/entity/Q15243209>,5_more_10s,787
<http://www.wikidata.org/entity/Q27686>,4_1s_to_10s,12102
<http://www.wikidata.org/entity/Q11879590>,1_less_10ms,2210
<http://www.wikidata.org/entity/Q107103143>,3_100ms_to_1s,172
<http://www.wikidata.org/entity/Q7187>,1_less_10ms,4456
<http://www.wikidata.org/entity/Q4414033>,4_1s_to_10s,1280
<http://www.wikidata.org/entity/Q24862>,2_10ms_to_100ms,63477
<http://www.wikidata.org/entity/Q820655>,2_10ms_to_100ms,12798
<http://www.wikidata.org/entity/Q4421>,1_less_10ms,212
<http://www.wikidata.org/entity/Q44613>,3_100ms_to_1s,17765
<http://www.wikidata.org/entity/Q1195098>,4_1s_to_10s,2074
<http://www.wikidata.org/entity/Q1577547>,2_10ms_to_100ms,12482
<http://www.wikidata.org/entity/Q50231>,5_more_10s,9
<http://www.wikidata.org/entity/Q191067>,5_more_10s,305
<http://www.wikidata.org/entity/Q2732840>,1_less_10ms,30
<http://www.wikidata.org/entity/Q3508250>,2_10ms_to_100ms,6874
<http://www.wikidata.org/entity/Q108325>,2_10ms_to_100ms,42223
<http://www.wikidata.org/entity/Q1248784>,3_100ms_to_1s,31837
<http://www.wikidata.org/entity/Q21199>,3_100ms_to_1s,8549
<http://www.wikidata.org/entity/Q860861>,4_1s_to_10s,11504
<http://www.wikidata.org/entity/Q5783996>,2_10ms_to_100ms,2023
<http://www.wikidata.org/entity/Q7725634>,2_10ms_to_100ms,354393
<http://www.wikidata.org/entity/Q21198342>,4_1s_to_10s,940
<http://www.wikidata.org/entity/Q101352>,5_more_10s,57770
<http://www.wikidata.org/entity/Q26211545>,3_100ms_to_1s,3444
<http://www.wikidata.org/entity/Q126807>,5_more_10s,19
<http://www.wikidata.org/entity/Q3331189>,4_1s_to_10s,14498
<http://www.wikidata.org/entity/Q21672098>,3_100ms_to_1s,6437
<http://www.wikidata.org/entity/Q2341654>,2_10ms_to_100ms,104
<http://www.wikidata.org/entity/Q16560>,2_10ms_to_100ms,55380
<http://www.wikidata.org/entity/Q860861>,3_100ms_to_1s,53484
<http://www.wikidata.org/entity/Q4421>,3_100ms_to_1s,9225
<http://www.wikidata.org/entity/Q1303167>,4_1s_to_10s,1468
<http://www.wikidata.org/entity/Q820655>,4_1s_to_10s,889
<http://www.wikidata.org/entity/Q1303167>,5_more_10s,13
<http://www.wikidata.org/entity/Q2732840>,5_more_10s,68
<http://www.wikidata.org/entity/Q176799>,2_10ms_to_100ms,42759
<http://www.wikidata.org/entity/Q27020041>,3_100ms_to_1s,13395
<http://www.wikidata.org/entity/Q327333>,5_more_10s,634
<http://www.wikidata.org/entity/Q27555384>,4_1s_to_10s,88
<http://www.wikidata.org/entity/Q6503489>,1_less_10ms,2
<http://www.wikidata.org/entity/Q15221623>,5_more_10s,74
<http://www.wikidata.org/entity/Q1681353>,1_less_10ms,9
<http://www.wikidata.org/entity/Q12280>,5_more_10s,87
<http://www.wikidata.org/entity/Q97695005>,3_100ms_to_1s,188
<http://www.wikidata.org/entity/Q59199015>,1_less_10ms,293
<http://www.wikidata.org/entity/Q839954>,1_less_10ms,1331
<http://www.wikidata.org/entity/Q6999>,1_less_10ms,2760
<http://www.wikidata.org/entity/Q12284>,2_10ms_to_100ms,13265
<http://www.wikidata.org/entity/Q67015883>,3_100ms_to_1s,1503
<http://www.wikidata.org/entity/Q61089180>,1_less_10ms,287
<http://www.wikidata.org/entity/Q3957>,2_10ms_to_100ms,173186
<http://www.wikidata.org/entity/Q814254>,2_10ms_to_100ms,2082
<http://www.wikidata.org/entity/Q21199>,5_more_10s,445
<http://www.wikidata.org/entity/Q6881511>,5_more_10s,22530
<http://www.wikidata.org/entity/Q277338>,3_100ms_to_1s,201
<http://www.wikidata.org/entity/Q355304>,3_100ms_to_1s,10125
<http://www.wikidata.org/entity/Q23058136>,3_100ms_to_1s,663
<http://www.wikidata.org/entity/Q6451276>,2_10ms_to_100ms,707
<http://www.wikidata.org/entity/Q10870555>,4_1s_to_10s,458
<http://www.wikidata.org/entity/Q783794>,3_100ms_to_1s,66406
<http://www.wikidata.org/entity/Q2085381>,4_1s_to_10s,7399
<http://www.wikidata.org/entity/Q4989906>,4_1s_to_10s,11657
<http://www.wikidata.org/entity/Q55850593>,1_less_10ms,156
<http://www.wikidata.org/entity/Q634099>,1_less_10ms,72
<http://www.wikidata.org/entity/Q5185279>,2_10ms_to_100ms,51192
<http://www.wikidata.org/entity/Q5633421>,2_10ms_to_100ms,76250
<http://www.wikidata.org/entity/Q56428020>,3_100ms_to_1s,202
<http://www.wikidata.org/entity/Q41176>,3_100ms_to_1s,114143
<http://www.wikidata.org/entity/Q484170>,1_less_10ms,10645
<http://www.wikidata.org/entity/Q3464665>,1_less_10ms,505
<http://www.wikidata.org/entity/Q34038>,5_more_10s,48
<http://www.wikidata.org/entity/Q327333>,2_10ms_to_100ms,81437
<http://www.wikidata.org/entity/Q55659107>,2_10ms_to_100ms,4673
<http://www.wikidata.org/entity/Q1115575>,2_10ms_to_100ms,63658
<http://www.wikidata.org/entity/Q1248784>,4_1s_to_10s,13479
<http://www.wikidata.org/entity/Q1266946>,2_10ms_to_100ms,491
<http://www.wikidata.org/entity/Q965568>,1_less_10ms,570
<http://www.wikidata.org/entity/Q11879590>,3_100ms_to_1s,28434
<http://www.wikidata.org/entity/Q23038290>,3_100ms_to_1s,32711
<http://www.wikidata.org/entity/Q34038>,4_1s_to_10s,7803
<http://www.wikidata.org/entity/Q726>,3_100ms_to_1s,4425
<http://www.wikidata.org/entity/Q159334>,2_10ms_to_100ms,21735
<http://www.wikidata.org/entity/Q55659107>,1_less_10ms,8
<http://www.wikidata.org/entity/Q67383935>,5_more_10s,2
<http://www.wikidata.org/entity/Q12284>,3_100ms_to_1s,10743
<http://www.wikidata.org/entity/Q953806>,1_less_10ms,61
<http://www.wikidata.org/entity/Q3305213>,3_100ms_to_1s,557499
<http://www.wikidata.org/entity/Q2467461>,2_10ms_to_100ms,11506
<http://www.wikidata.org/entity/Q160091>,5_more_10s,50
<http://www.wikidata.org/entity/Q2996394>,1_less_10ms,909
<http://www.wikidata.org/entity/Q57733494>,4_1s_to_10s,474
<http://www.wikidata.org/entity/Q482994>,5_more_10s,1929
<http://www.wikidata.org/entity/Q277338>,5_more_10s,36
<http://www.wikidata.org/entity/Q220659>,1_less_10ms,184
<http://www.wikidata.org/entity/Q3558970>,4_1s_to_10s,10019
<http://www.wikidata.org/entity/Q16466010>,3_100ms_to_1s,699
<http://www.wikidata.org/entity/Q2668072>,1_less_10ms,191
<http://www.wikidata.org/entity/Q2341654>,4_1s_to_10s,81
<http://www.wikidata.org/entity/Q3508250>,5_more_10s,1
<http://www.wikidata.org/entity/Q124714>,2_10ms_to_100ms,8991
<http://www.wikidata.org/entity/Q11173>,3_100ms_to_1s,460336
<http://www.wikidata.org/entity/Q26887310>,2_10ms_to_100ms,81139
<http://www.wikidata.org/entity/Q35509>,3_100ms_to_1s,31634
<http://www.wikidata.org/entity/Q101352>,2_10ms_to_100ms,4611176
<http://www.wikidata.org/entity/Q2085381>,5_more_10s,2491
<http://www.wikidata.org/entity/Q3558970>,2_10ms_to_100ms,119993
<http://www.wikidata.org/entity/Q59199015>,2_10ms_to_100ms,21460
<http://www.wikidata.org/entity/Q7604693>,4_1s_to_10s,97
<http://www.wikidata.org/entity/Q3052382>,1_less_10ms,54
<http://www.wikidata.org/entity/Q123705>,4_1s_to_10s,13239
<http://www.wikidata.org/entity/Q6999>,5_more_10s,4184
<http://www.wikidata.org/entity/Q2732840>,4_1s_to_10s,5761
<http://www.wikidata.org/entity/Q2593777>,5_more_10s,1
<http://www.wikidata.org/entity/Q27555384>,2_10ms_to_100ms,2081
<http://www.wikidata.org/entity/Q42195>,2_10ms_to_100ms,1710
<http://www.wikidata.org/entity/Q13442814>,4_1s_to_10s,53793
<http://www.wikidata.org/entity/Q476028>,2_10ms_to_100ms,228160
<http://www.wikidata.org/entity/Q4167410>,1_less_10ms,12793
<http://www.wikidata.org/entity/Q10870555>,5_more_10s,49
<http://www.wikidata.org/entity/Q66826848>,4_1s_to_10s,89
<http://www.wikidata.org/entity/Q489357>,4_1s_to_10s,2410
<http://www.wikidata.org/entity/Q860861>,5_more_10s,358
<http://www.wikidata.org/entity/Q898273>,1_less_10ms,90
<http://www.wikidata.org/entity/Q27671617>,1_less_10ms,37
<http://www.wikidata.org/entity/Q732577>,1_less_10ms,145
<http://www.wikidata.org/entity/Q4414033>,3_100ms_to_1s,870
<http://www.wikidata.org/entity/Q35127>,4_1s_to_10s,5932
<http://www.wikidata.org/entity/Q7777570>,3_100ms_to_1s,4539
<http://www.wikidata.org/entity/Q820655>,5_more_10s,303
<http://www.wikidata.org/entity/Q740445>,1_less_10ms,43
<http://www.wikidata.org/entity/Q985488>,4_1s_to_10s,659
<http://www.wikidata.org/entity/Q891723>,2_10ms_to_100ms,560420
<http://www.wikidata.org/entity/Q35509>,4_1s_to_10s,7663
<http://www.wikidata.org/entity/Q46831>,3_100ms_to_1s,15970
<http://www.wikidata.org/entity/Q187685>,4_1s_to_10s,1523
<http://www.wikidata.org/entity/Q11173>,5_more_10s,8599
<http://www.wikidata.org/entity/Q358>,4_1s_to_10s,7017
<http://www.wikidata.org/entity/Q47150325>,1_less_10ms,2826
<http://www.wikidata.org/entity/Q108325>,1_less_10ms,1128
<http://www.wikidata.org/entity/Q11755880>,1_less_10ms,105
<http://www.wikidata.org/entity/Q773668>,4_1s_to_10s,938
<http://www.wikidata.org/entity/Q7321974>,2_10ms_to_100ms,677
<http://www.wikidata.org/entity/Q2341654>,3_100ms_to_1s,816
<http://www.wikidata.org/entity/Q19855165>,3_100ms_to_1s,54461
<http://www.wikidata.org/entity/Q61443650>,2_10ms_to_100ms,653
<http://www.wikidata.org/entity/Q1238720>,2_10ms_to_100ms,9547
<http://www.wikidata.org/entity/Q55659167>,4_1s_to_10s,2444
<http://www.wikidata.org/entity/Q21198342>,5_more_10s,159
<http://www.wikidata.org/entity/Q15647814>,1_less_10ms,94
<http://www.wikidata.org/entity/Q79007>,3_100ms_to_1s,73659
<http://www.wikidata.org/entity/Q8054>,5_more_10s,794
<http://www.wikidata.org/entity/Q34023>,1_less_10ms,263
<http://www.wikidata.org/entity/Q29654788>,5_more_10s,130
<http://www.wikidata.org/entity/Q24046192>,3_100ms_to_1s,474
<http://www.wikidata.org/entity/Q15303838>,3_100ms_to_1s,7851
<http://www.wikidata.org/entity/Q3950>,1_less_10ms,254
<http://www.wikidata.org/entity/Q1580166>,4_1s_to_10s,241
<http://www.wikidata.org/entity/Q476028>,5_more_10s,148
<http://www.wikidata.org/entity/Q67035425>,4_1s_to_10s,59
<http://www.wikidata.org/entity/Q23925393>,1_less_10ms,5
<http://www.wikidata.org/entity/Q207326>,4_1s_to_10s,9490
<http://www.wikidata.org/entity/Q1580166>,5_more_10s,7
<http://www.wikidata.org/entity/Q108325>,3_100ms_to_1s,17818
<http://www.wikidata.org/entity/Q149566>,2_10ms_to_100ms,6815
<http://www.wikidata.org/entity/Q17524420>,4_1s_to_10s,1942
<http://www.wikidata.org/entity/Q176799>,1_less_10ms,408
<http://www.wikidata.org/entity/Q50386450>,2_10ms_to_100ms,9947
<http://www.wikidata.org/entity/Q24862>,1_less_10ms,765
<http://www.wikidata.org/entity/Q310890>,4_1s_to_10s,329
<http://www.wikidata.org/entity/Q838948>,5_more_10s,494
<http://www.wikidata.org/entity/Q23894233>,1_less_10ms,71
<http://www.wikidata.org/entity/Q7075>,2_10ms_to_100ms,45632
<http://www.wikidata.org/entity/Q25379>,3_100ms_to_1s,29520
<http://www.wikidata.org/entity/Q30612>,4_1s_to_10s,6895
<http://www.wikidata.org/entity/Q3914>,4_1s_to_10s,11203
<http://www.wikidata.org/entity/Q571>,3_100ms_to_1s,76590
<http://www.wikidata.org/entity/Q728937>,1_less_10ms,522
<http://www.wikidata.org/entity/Q187971>,4_1s_to_10s,2248
<http://www.wikidata.org/entity/Q5084>,2_10ms_to_100ms,35155
<http://www.wikidata.org/entity/Q55850593>,2_10ms_to_100ms,15239
<http://www.wikidata.org/entity/Q104093746>,1_less_10ms,24
<http://www.wikidata.org/entity/Q8436>,1_less_10ms,192
<http://www.wikidata.org/entity/Q202444>,3_100ms_to_1s,16100
<http://www.wikidata.org/entity/Q121117>,2_10ms_to_100ms,5134
<http://www.wikidata.org/entity/Q9842>,1_less_10ms,666
<http://www.wikidata.org/entity/Q25379>,5_more_10s,392
<http://www.wikidata.org/entity/Q3464665>,3_100ms_to_1s,29209
<http://www.wikidata.org/entity/Q179700>,3_100ms_to_1s,19605
<http://www.wikidata.org/entity/Q4830453>,4_1s_to_10s,40746
<http://www.wikidata.org/entity/Q3957>,5_more_10s,659
<http://www.wikidata.org/entity/Q3558970>,5_more_10s,72
<http://www.wikidata.org/entity/Q16970>,2_10ms_to_100ms,292348
<http://www.wikidata.org/entity/Q40080>,4_1s_to_10s,5689
<http://www.wikidata.org/entity/Q852190>,4_1s_to_10s,1070
<http://www.wikidata.org/entity/Q740445>,5_more_10s,11
<http://www.wikidata.org/entity/Q15243209>,4_1s_to_10s,18977
<http://www.wikidata.org/entity/Q26267864>,2_10ms_to_100ms,9819
<http://www.wikidata.org/entity/Q5707594>,4_1s_to_10s,549
<http://www.wikidata.org/entity/Q15221623>,4_1s_to_10s,469
<http://www.wikidata.org/entity/Q459297>,5_more_10s,2
<http://www.wikidata.org/entity/Q5358913>,1_less_10ms,9
<http://www.wikidata.org/entity/Q17343829>,1_less_10ms,1053
<http://www.wikidata.org/entity/Q7278>,3_100ms_to_1s,62636
<http://www.wikidata.org/entity/Q96739634>,2_10ms_to_100ms,101
<http://www.wikidata.org/entity/Q163740>,3_100ms_to_1s,110087
<http://www.wikidata.org/entity/Q1505023>,2_10ms_to_100ms,59
<http://www.wikidata.org/entity/Q17633526>,2_10ms_to_100ms,4024
<http://www.wikidata.org/entity/Q2042028>,2_10ms_to_100ms,1941
<http://www.wikidata.org/entity/Q39614>,3_100ms_to_1s,28492
<http://www.wikidata.org/entity/Q751876>,2_10ms_to_100ms,36405
<http://www.wikidata.org/entity/Q11032>,2_10ms_to_100ms,135237
<http://www.wikidata.org/entity/Q23397>,5_more_10s,334
<http://www.wikidata.org/entity/Q7889>,3_100ms_to_1s,105217
<http://www.wikidata.org/entity/Q11755880>,2_10ms_to_100ms,6087
<http://www.wikidata.org/entity/Q46190676>,1_less_10ms,56
<http://www.wikidata.org/entity/Q9842>,5_more_10s,145
<http://www.wikidata.org/entity/Q40080>,1_less_10ms,309
<http://www.wikidata.org/entity/Q26895936>,4_1s_to_10s,160
<http://www.wikidata.org/entity/Q19692072>,4_1s_to_10s,218
<http://www.wikidata.org/entity/Q23397>,1_less_10ms,1498
<http://www.wikidata.org/entity/Q3957>,1_less_10ms,2514
<http://www.wikidata.org/entity/Q100532807>,1_less_10ms,3
<http://www.wikidata.org/entity/Q5084>,1_less_10ms,762
<http://www.wikidata.org/entity/Q21014462>,2_10ms_to_100ms,8856
<http://www.wikidata.org/entity/Q735428>,5_more_10s,41
<http://www.wikidata.org/entity/Q3957>,3_100ms_to_1s,102825
<http://www.wikidata.org/entity/Q202444>,1_less_10ms,13395
<http://www.wikidata.org/entity/Q585956>,1_less_10ms,89
<http://www.wikidata.org/entity/Q898273>,4_1s_to_10s,73
<http://www.wikidata.org/entity/Q22808320>,3_100ms_to_1s,48651
<http://www.wikidata.org/entity/Q1504425>,3_100ms_to_1s,2020
<http://www.wikidata.org/entity/Q174782>,5_more_10s,360
<http://www.wikidata.org/entity/Q1302249>,3_100ms_to_1s,1222
<http://www.wikidata.org/entity/Q12280>,2_10ms_to_100ms,16080
<http://www.wikidata.org/entity/Q10870555>,3_100ms_to_1s,2504
<http://www.wikidata.org/entity/Q10429085>,1_less_10ms,1
<http://www.wikidata.org/entity/Q50386450>,4_1s_to_10s,806
<http://www.wikidata.org/entity/Q79007>,5_more_10s,341
<http://www.wikidata.org/entity/Q9842>,2_10ms_to_100ms,23632
<http://www.wikidata.org/entity/Q13406463>,1_less_10ms,5085
<http://www.wikidata.org/entity/Q21014462>,1_less_10ms,269
<http://www.wikidata.org/entity/Q1238720>,4_1s_to_10s,94
<http://www.wikidata.org/entity/Q34038>,1_less_10ms,261
<http://www.wikidata.org/entity/Q8436>,2_10ms_to_100ms,25368
<http://www.wikidata.org/entity/Q174782>,3_100ms_to_1s,35434
<http://www.wikidata.org/entity/Q1002697>,3_100ms_to_1s,25492
<http://www.wikidata.org/entity/Q7278>,1_less_10ms,1454
<http://www.wikidata.org/entity/Q39816>,4_1s_to_10s,4407
<http://www.wikidata.org/entity/Q3305213>,5_more_10s,6517
<http://www.wikidata.org/entity/Q96739634>,4_1s_to_10s,88
<http://www.wikidata.org/entity/Q18918145>,3_100ms_to_1s,1996
<http://www.wikidata.org/entity/Q23058136>,5_more_10s,62
<http://www.wikidata.org/entity/Q13433827>,5_more_10s,121
<http://www.wikidata.org/entity/Q8436>,4_1s_to_10s,4532
<http://www.wikidata.org/entity/Q163740>,4_1s_to_10s,9719
<http://www.wikidata.org/entity/Q17018380>,3_100ms_to_1s,2129
<http://www.wikidata.org/entity/Q40231>,1_less_10ms,252
<http://www.wikidata.org/entity/Q16917>,1_less_10ms,496
<http://www.wikidata.org/entity/Q106006703>,4_1s_to_10s,64
<http://www.wikidata.org/entity/Q99045339>,1_less_10ms,4
<http://www.wikidata.org/entity/Q8054>,4_1s_to_10s,2724
<http://www.wikidata.org/entity/Q1260524>,4_1s_to_10s,114
<http://www.wikidata.org/entity/Q726>,4_1s_to_10s,1165
<http://www.wikidata.org/entity/Q15773317>,5_more_10s,279
<http://www.wikidata.org/entity/Q11755880>,3_100ms_to_1s,3085
<http://www.wikidata.org/entity/Q277338>,1_less_10ms,140
<http://www.wikidata.org/entity/Q13100073>,2_10ms_to_100ms,52007
<http://www.wikidata.org/entity/Q21014462>,3_100ms_to_1s,2191
<http://www.wikidata.org/entity/Q21672098>,1_less_10ms,645
<http://www.wikidata.org/entity/Q11879590>,5_more_10s,1548
<http://www.wikidata.org/entity/Q47150325>,2_10ms_to_100ms,14665
<http://www.wikidata.org/entity/Q24046192>,4_1s_to_10s,135
<http://www.wikidata.org/entity/Q15303838>,5_more_10s,116
<http://www.wikidata.org/entity/Q1516079>,1_less_10ms,139
<http://www.wikidata.org/entity/Q17633526>,5_more_10s,20
<http://www.wikidata.org/entity/Q163740>,2_10ms_to_100ms,100139
<http://www.wikidata.org/entity/Q18340514>,2_10ms_to_100ms,350197
<http://www.wikidata.org/entity/Q4830453>,1_less_10ms,18618
<http://www.wikidata.org/entity/Q61443650>,4_1s_to_10s,129
<http://www.wikidata.org/entity/Q191067>,2_10ms_to_100ms,28229
<http://www.wikidata.org/entity/Q7321974>,3_100ms_to_1s,424
<http://www.wikidata.org/entity/Q15221623>,1_less_10ms,271
<http://www.wikidata.org/entity/Q7278>,4_1s_to_10s,8973
<http://www.wikidata.org/entity/Q15647814>,2_10ms_to_100ms,3188
<http://www.wikidata.org/entity/Q41253>,1_less_10ms,503
<http://www.wikidata.org/entity/Q2231510>,4_1s_to_10s,185
<http://www.wikidata.org/entity/Q131681>,3_100ms_to_1s,17213
<http://www.wikidata.org/entity/Q489357>,2_10ms_to_100ms,2823
<http://www.wikidata.org/entity/Q56436498>,1_less_10ms,514
<http://www.wikidata.org/entity/Q23397>,2_10ms_to_100ms,81079
<http://www.wikidata.org/entity/Q166735>,4_1s_to_10s,1335
<http://www.wikidata.org/entity/Q29023906>,1_less_10ms,56
<http://www.wikidata.org/entity/Q192287>,4_1s_to_10s,9204
<http://www.wikidata.org/entity/Q773668>,1_less_10ms,474
<http://www.wikidata.org/entity/Q6503489>,2_10ms_to_100ms,663
<http://www.wikidata.org/entity/Q34442>,1_less_10ms,1522
<http://www.wikidata.org/entity/Q1529096>,3_100ms_to_1s,10400
<http://www.wikidata.org/entity/Q3558970>,1_less_10ms,782
<http://www.wikidata.org/entity/Q65954115>,4_1s_to_10s,330
<http://www.wikidata.org/entity/Q106006703>,2_10ms_to_100ms,18
<http://www.wikidata.org/entity/Q21198342>,1_less_10ms,2609
<http://www.wikidata.org/entity/Q81505329>,3_100ms_to_1s,724
<http://www.wikidata.org/entity/Q2514025>,5_more_10s,51
<http://www.wikidata.org/entity/Q16560>,3_100ms_to_1s,24897
<http://www.wikidata.org/entity/Q13433827>,2_10ms_to_100ms,15269
<http://www.wikidata.org/entity/Q1577547>,1_less_10ms,29
<http://www.wikidata.org/entity/Q585956>,2_10ms_to_100ms,1739
<http://www.wikidata.org/entity/Q253019>,2_10ms_to_100ms,46071
<http://www.wikidata.org/entity/Q105543609>,3_100ms_to_1s,59773
<http://www.wikidata.org/entity/Q56436498>,5_more_10s,37
<http://www.wikidata.org/entity/Q104093746>,2_10ms_to_100ms,1445
<http://www.wikidata.org/entity/Q21573182>,4_1s_to_10s,3313
<http://www.wikidata.org/entity/Q47150325>,3_100ms_to_1s,636
<http://www.wikidata.org/entity/Q123705>,5_more_10s,384
<http://www.wikidata.org/entity/Q9842>,3_100ms_to_1s,80407
<http://www.wikidata.org/entity/Q13442814>,1_less_10ms,30027
<http://www.wikidata.org/entity/Q17018380>,5_more_10s,15
<http://www.wikidata.org/entity/Q618779>,2_10ms_to_100ms,108921
<http://www.wikidata.org/entity/Q4830453>,5_more_10s,25820
<http://www.wikidata.org/entity/Q15303838>,4_1s_to_10s,6379
<http://www.wikidata.org/entity/Q634099>,3_100ms_to_1s,2101
<http://www.wikidata.org/entity/Q4022>,2_10ms_to_100ms,205493
<http://www.wikidata.org/entity/Q19389637>,3_100ms_to_1s,2821
<http://www.wikidata.org/entity/Q61443690>,5_more_10s,1
<http://www.wikidata.org/entity/Q11755880>,4_1s_to_10s,3293
<http://www.wikidata.org/entity/Q17633526>,4_1s_to_10s,440
<http://www.wikidata.org/entity/Q50386450>,3_100ms_to_1s,1212
<http://www.wikidata.org/entity/Q327333>,1_less_10ms,798
<http://www.wikidata.org/entity/Q67015940>,3_100ms_to_1s,26
<http://www.wikidata.org/entity/Q740445>,4_1s_to_10s,3127
<http://www.wikidata.org/entity/Q15632617>,5_more_10s,534
<http://www.wikidata.org/entity/Q1302249>,5_more_10s,10
<http://www.wikidata.org/entity/Q65661087>,1_less_10ms,58
<http://www.wikidata.org/entity/Q55659107>,5_more_10s,1
<http://www.wikidata.org/entity/Q13442814>,3_100ms_to_1s,567475
<http://www.wikidata.org/entity/Q59542487>,4_1s_to_10s,320
<http://www.wikidata.org/entity/Q5084>,4_1s_to_10s,12354
<http://www.wikidata.org/entity/Q575759>,1_less_10ms,195
<http://www.wikidata.org/entity/Q15773317>,1_less_10ms,981
<http://www.wikidata.org/entity/Q2085381>,2_10ms_to_100ms,91578
<http://www.wikidata.org/entity/Q207524>,1_less_10ms,20
<http://www.wikidata.org/entity/Q783794>,2_10ms_to_100ms,50022
<http://www.wikidata.org/entity/Q54050>,1_less_10ms,570
<http://www.wikidata.org/entity/Q41253>,3_100ms_to_1s,22010
<http://www.wikidata.org/entity/Q838948>,4_1s_to_10s,6018
<http://www.wikidata.org/entity/Q1081138>,5_more_10s,72
<http://www.wikidata.org/entity/Q18127>,1_less_10ms,740
<http://www.wikidata.org/entity/Q751876>,4_1s_to_10s,10038
<http://www.wikidata.org/entity/Q737498>,5_more_10s,207
<http://www.wikidata.org/entity/Q125191>,3_100ms_to_1s,18091
<http://www.wikidata.org/entity/Q79007>,1_less_10ms,2546
<http://www.wikidata.org/entity/Q96739634>,3_100ms_to_1s,462
<http://www.wikidata.org/entity/Q39614>,1_less_10ms,786
<http://www.wikidata.org/entity/Q1134686>,1_less_10ms,386
<http://www.wikidata.org/entity/Q187685>,1_less_10ms,103
<http://www.wikidata.org/entity/Q106006703>,1_less_10ms,1
<http://www.wikidata.org/entity/Q735428>,1_less_10ms,299
<http://www.wikidata.org/entity/Q489357>,1_less_10ms,89
<http://www.wikidata.org/entity/Q847017>,1_less_10ms,252
<http://www.wikidata.org/entity/Q44613>,2_10ms_to_100ms,33907
<http://www.wikidata.org/entity/Q18127>,4_1s_to_10s,2658
<http://www.wikidata.org/entity/Q97695005>,4_1s_to_10s,33
<http://www.wikidata.org/entity/Q11424>,3_100ms_to_1s,2214706
<http://www.wikidata.org/entity/Q187971>,5_more_10s,13
<http://www.wikidata.org/entity/Q18918145>,4_1s_to_10s,441
<http://www.wikidata.org/entity/Q12323>,4_1s_to_10s,6562
<http://www.wikidata.org/entity/Q47461344>,4_1s_to_10s,7467
<http://www.wikidata.org/entity/Q253019>,5_more_10s,245
<http://www.wikidata.org/entity/Q4830453>,3_100ms_to_1s,1846326
<http://www.wikidata.org/entity/Q16887380>,3_100ms_to_1s,5587
<http://www.wikidata.org/entity/Q189004>,1_less_10ms,382
<http://www.wikidata.org/entity/Q12280>,4_1s_to_10s,5810
<http://www.wikidata.org/entity/Q61278455>,1_less_10ms,28
<http://www.wikidata.org/entity/Q102496>,3_100ms_to_1s,11025
<http://www.wikidata.org/entity/Q19855165>,2_10ms_to_100ms,5945
<http://www.wikidata.org/entity/Q1115575>,1_less_10ms,1425
<http://www.wikidata.org/entity/Q5707594>,5_more_10s,52
<http://www.wikidata.org/entity/Q427087>,4_1s_to_10s,93
<http://www.wikidata.org/entity/Q34023>,5_more_10s,12
<http://www.wikidata.org/entity/Q489357>,5_more_10s,32
<http://www.wikidata.org/entity/Q207524>,5_more_10s,22
<http://www.wikidata.org/entity/Q31855>,5_more_10s,468
<http://www.wikidata.org/entity/Q14860489>,5_more_10s,6
<http://www.wikidata.org/entity/Q166735>,2_10ms_to_100ms,2997
<http://www.wikidata.org/entity/Q1195098>,2_10ms_to_100ms,8315
<http://www.wikidata.org/entity/Q27555384>,3_100ms_to_1s,556
<http://www.wikidata.org/entity/Q35127>,3_100ms_to_1s,66896
<http://www.wikidata.org/entity/Q187971>,3_100ms_to_1s,3219
<http://www.wikidata.org/entity/Q23413>,4_1s_to_10s,12047
<http://www.wikidata.org/entity/Q107103143>,4_1s_to_10s,44
<http://www.wikidata.org/entity/Q25379>,2_10ms_to_100ms,89352
<http://www.wikidata.org/entity/Q4167410>,4_1s_to_10s,61567
<http://www.wikidata.org/entity/Q3947>,1_less_10ms,1649
<http://www.wikidata.org/entity/Q820477>,1_less_10ms,244
<http://www.wikidata.org/entity/Q67015883>,1_less_10ms,465
<http://www.wikidata.org/entity/Q2065736>,5_more_10s,179
<http://www.wikidata.org/entity/Q7889>,4_1s_to_10s,15804
<http://www.wikidata.org/entity/Q1504425>,4_1s_to_10s,509
<http://www.wikidata.org/entity/Q5358913>,3_100ms_to_1s,6500
<http://www.wikidata.org/entity/Q100532807>,4_1s_to_10s,13
<http://www.wikidata.org/entity/Q14350>,3_100ms_to_1s,29826
<http://www.wikidata.org/entity/Q2225692>,1_less_10ms,2834
<http://www.wikidata.org/entity/Q1195098>,3_100ms_to_1s,1605
<http://www.wikidata.org/entity/Q427087>,3_100ms_to_1s,358
<http://www.wikidata.org/entity/Q41298>,1_less_10ms,1154
<http://www.wikidata.org/entity/Q811979>,2_10ms_to_100ms,78849
<http://www.wikidata.org/entity/Q12308941>,5_more_10s,1375
<http://www.wikidata.org/entity/Q16521>,5_more_10s,3279
<http://www.wikidata.org/entity/Q7397>,2_10ms_to_100ms,59550
<http://www.wikidata.org/entity/Q121117>,4_1s_to_10s,210
<http://www.wikidata.org/entity/Q532>,2_10ms_to_100ms,504424
<http://www.wikidata.org/entity/Q814254>,1_less_10ms,269
<http://www.wikidata.org/entity/Q327333>,4_1s_to_10s,4588
<http://www.wikidata.org/entity/Q18663566>,3_100ms_to_1s,4981
<http://www.wikidata.org/entity/Q43460564>,2_10ms_to_100ms,941
<http://www.wikidata.org/entity/Q15416>,2_10ms_to_100ms,174110
<http://www.wikidata.org/entity/Q1348305>,4_1s_to_10s,886
<http://www.wikidata.org/entity/Q10429085>,3_100ms_to_1s,179
<http://www.wikidata.org/entity/Q49008>,5_more_10s,57
<http://www.wikidata.org/entity/Q5>,3_100ms_to_1s,28666168
<http://www.wikidata.org/entity/Q773668>,3_100ms_to_1s,11585
<http://www.wikidata.org/entity/Q11424>,2_10ms_to_100ms,2330423
<http://www.wikidata.org/entity/Q207524>,2_10ms_to_100ms,1473
<http://www.wikidata.org/entity/Q34023>,2_10ms_to_100ms,2867
<http://www.wikidata.org/entity/Q928830>,2_10ms_to_100ms,65683
<http://www.wikidata.org/entity/Q310890>,2_10ms_to_100ms,24342
<http://www.wikidata.org/entity/Q14204246>,1_less_10ms,927
<http://www.wikidata.org/entity/Q24529780>,4_1s_to_10s,1569
<http://www.wikidata.org/entity/Q2514025>,1_less_10ms,387
<http://www.wikidata.org/entity/Q67383935>,2_10ms_to_100ms,6425
<http://www.wikidata.org/entity/Q5707594>,3_100ms_to_1s,2209
<http://www.wikidata.org/entity/Q21198342>,3_100ms_to_1s,29055
<http://www.wikidata.org/entity/Q1577547>,5_more_10s,8
<http://www.wikidata.org/entity/Q18127>,3_100ms_to_1s,50554
<http://www.wikidata.org/entity/Q65661087>,2_10ms_to_100ms,1872
<http://www.wikidata.org/entity/Q126807>,3_100ms_to_1s,14353
<http://www.wikidata.org/entity/Q2514025>,3_100ms_to_1s,8054
<http://www.wikidata.org/entity/Q66826848>,3_100ms_to_1s,493
<http://www.wikidata.org/entity/Q618779>,3_100ms_to_1s,47982
<http://www.wikidata.org/entity/Q34038>,3_100ms_to_1s,8761
<http://www.wikidata.org/entity/Q7777570>,5_more_10s,75
<http://www.wikidata.org/entity/Q23925393>,2_10ms_to_100ms,3132
<http://www.wikidata.org/entity/Q8054>,1_less_10ms,2142
<http://www.wikidata.org/entity/Q11032>,4_1s_to_10s,2540
<http://www.wikidata.org/entity/Q18340514>,5_more_10s,439
<http://www.wikidata.org/entity/Q358>,1_less_10ms,172
<http://www.wikidata.org/entity/Q2996394>,3_100ms_to_1s,15661
<http://www.wikidata.org/entity/Q14204246>,4_1s_to_10s,10343
<http://www.wikidata.org/entity/Q55488>,5_more_10s,574
<http://www.wikidata.org/entity/Q12284>,4_1s_to_10s,10981
<http://www.wikidata.org/entity/Q7889>,5_more_10s,761
<http://www.wikidata.org/entity/Q40080>,2_10ms_to_100ms,18318
<http://www.wikidata.org/entity/Q18593264>,3_100ms_to_1s,4433
<http://www.wikidata.org/entity/Q26703203>,3_100ms_to_1s,1556
<http://www.wikidata.org/entity/Q2116450>,4_1s_to_10s,2699
<http://www.wikidata.org/entity/Q15416>,1_less_10ms,1298
<http://www.wikidata.org/entity/Q3947>,5_more_10s,118
<http://www.wikidata.org/entity/Q6881511>,4_1s_to_10s,16931
<http://www.wikidata.org/entity/Q420927>,2_10ms_to_100ms,663
<http://www.wikidata.org/entity/Q15632617>,2_10ms_to_100ms,222730
<http://www.wikidata.org/entity/Q1520033>,1_less_10ms,17
<http://www.wikidata.org/entity/Q2732840>,2_10ms_to_100ms,2153
<http://www.wikidata.org/entity/Q133056>,1_less_10ms,173
<http://www.wikidata.org/entity/Q28564>,4_1s_to_10s,10931
<http://www.wikidata.org/entity/Q5185279>,4_1s_to_10s,1486
<http://www.wikidata.org/entity/Q11424>,5_more_10s,117686
<http://www.wikidata.org/entity/Q21573182>,3_100ms_to_1s,3858
<http://www.wikidata.org/entity/Q1681353>,5_more_10s,3
<http://www.wikidata.org/entity/Q3957>,4_1s_to_10s,15501
<http://www.wikidata.org/entity/Q33506>,4_1s_to_10s,30802
<http://www.wikidata.org/entity/Q62447>,4_1s_to_10s,8777
<http://www.wikidata.org/entity/Q21198342>,2_10ms_to_100ms,175740
<http://www.wikidata.org/entity/Q3464665>,5_more_10s,140
<http://www.wikidata.org/entity/Q459297>,4_1s_to_10s,118
<http://www.wikidata.org/entity/Q23038290>,1_less_10ms,892
<http://www.wikidata.org/entity/Q179700>,5_more_10s,335
<http://www.wikidata.org/entity/Q210272>,1_less_10ms,405
<http://www.wikidata.org/entity/Q24354>,1_less_10ms,601
<http://www.wikidata.org/entity/Q34023>,4_1s_to_10s,2070
<http://www.wikidata.org/entity/Q65661087>,4_1s_to_10s,5529
<http://www.wikidata.org/entity/Q571>,2_10ms_to_100ms,260548
<http://www.wikidata.org/entity/Q29023906>,4_1s_to_10s,104
<http://www.wikidata.org/entity/Q15243209>,3_100ms_to_1s,105013
<http://www.wikidata.org/entity/Q47345468>,1_less_10ms,104
<http://www.wikidata.org/entity/Q2309609>,1_less_10ms,46
<http://www.wikidata.org/entity/Q842402>,4_1s_to_10s,3616
<http://www.wikidata.org/entity/Q67383935>,3_100ms_to_1s,56440
<http://www.wikidata.org/entity/Q5084>,3_100ms_to_1s,14800
<http://www.wikidata.org/entity/Q1577547>,4_1s_to_10s,586
<http://www.wikidata.org/entity/Q253019>,4_1s_to_10s,10639
<http://www.wikidata.org/entity/Q355304>,4_1s_to_10s,8562
<http://www.wikidata.org/entity/Q19389637>,4_1s_to_10s,351
<http://www.wikidata.org/entity/Q3914>,1_less_10ms,737
<http://www.wikidata.org/entity/Q61443690>,3_100ms_to_1s,720
<http://www.wikidata.org/entity/Q751876>,1_less_10ms,1131
<http://www.wikidata.org/entity/Q1195098>,1_less_10ms,103
<http://www.wikidata.org/entity/Q97695005>,1_less_10ms,1
<http://www.wikidata.org/entity/Q21199>,4_1s_to_10s,1915
<http://www.wikidata.org/entity/Q27686>,3_100ms_to_1s,45665
<http://www.wikidata.org/entity/Q35127>,2_10ms_to_100ms,93980
<http://www.wikidata.org/entity/Q13417114>,4_1s_to_10s,1367
<http://www.wikidata.org/entity/Q3231690>,2_10ms_to_100ms,68608
<http://www.wikidata.org/entity/Q11266439>,1_less_10ms,726
<http://www.wikidata.org/entity/Q7604686>,2_10ms_to_100ms,674
<http://www.wikidata.org/entity/Q19860854>,1_less_10ms,239
<http://www.wikidata.org/entity/Q1115575>,4_1s_to_10s,10083
<http://www.wikidata.org/entity/Q21672098>,4_1s_to_10s,8533
<http://www.wikidata.org/entity/Q24862>,4_1s_to_10s,1574
<http://www.wikidata.org/entity/Q1081138>,1_less_10ms,287
<http://www.wikidata.org/entity/Q4167836>,2_10ms_to_100ms,1249348
<http://www.wikidata.org/entity/Q101352>,4_1s_to_10s,295284
<http://www.wikidata.org/entity/Q7777570>,1_less_10ms,29
<http://www.wikidata.org/entity/Q124714>,5_more_10s,42
<http://www.wikidata.org/entity/Q39594>,2_10ms_to_100ms,35956
<http://www.wikidata.org/entity/Q19692072>,2_10ms_to_100ms,11848
<http://www.wikidata.org/entity/Q50386450>,5_more_10s,43
<http://www.wikidata.org/entity/Q10429085>,4_1s_to_10s,32
<http://www.wikidata.org/entity/Q86850539>,1_less_10ms,19
<http://www.wikidata.org/entity/Q47521>,4_1s_to_10s,10357
<http://www.wikidata.org/entity/Q634099>,2_10ms_to_100ms,11961
<http://www.wikidata.org/entity/Q19855165>,1_less_10ms,50
<http://www.wikidata.org/entity/Q155076>,1_less_10ms,26
<http://www.wikidata.org/entity/Q737498>,2_10ms_to_100ms,36587
<http://www.wikidata.org/entity/Q212198>,3_100ms_to_1s,43046
<http://www.wikidata.org/entity/Q7321974>,4_1s_to_10s,499
<http://www.wikidata.org/entity/Q28564>,5_more_10s,1879
<http://www.wikidata.org/entity/Q14350>,2_10ms_to_100ms,95431
<http://www.wikidata.org/entity/Q27671617>,5_more_10s,1
<http://www.wikidata.org/entity/Q22969563>,5_more_10s,33
<http://www.wikidata.org/entity/Q102496>,2_10ms_to_100ms,3243
<http://www.wikidata.org/entity/Q99045339>,2_10ms_to_100ms,226
<http://www.wikidata.org/entity/Q79007>,4_1s_to_10s,18101
<http://www.wikidata.org/entity/Q134556>,1_less_10ms,4902
<http://www.wikidata.org/entity/Q56428020>,4_1s_to_10s,406
<http://www.wikidata.org/entity/Q123705>,1_less_10ms,1322
<http://www.wikidata.org/entity/Q56436498>,3_100ms_to_1s,8120
<http://www.wikidata.org/entity/Q13100073>,1_less_10ms,57
<http://www.wikidata.org/entity/Q101352>,1_less_10ms,22080
<http://www.wikidata.org/entity/Q35509>,1_less_10ms,198
<http://www.wikidata.org/entity/Q133056>,4_1s_to_10s,7260
<http://www.wikidata.org/entity/Q484170>,5_more_10s,838
<http://www.wikidata.org/entity/Q121117>,1_less_10ms,71
<http://www.wikidata.org/entity/Q3918>,2_10ms_to_100ms,139641
<http://www.wikidata.org/entity/Q107103143>,2_10ms_to_100ms,695
<http://www.wikidata.org/entity/Q417841>,1_less_10ms,489
<http://www.wikidata.org/entity/Q179049>,5_more_10s,23
<http://www.wikidata.org/entity/Q2065736>,4_1s_to_10s,9531
<http://www.wikidata.org/entity/Q21191270>,4_1s_to_10s,2852
<http://www.wikidata.org/entity/Q17343829>,4_1s_to_10s,9321
<http://www.wikidata.org/entity/Q506240>,5_more_10s,546
<http://www.wikidata.org/entity/Q149566>,4_1s_to_10s,5259
<http://www.wikidata.org/entity/Q21191270>,5_more_10s,723
<http://www.wikidata.org/entity/Q169930>,4_1s_to_10s,825
<http://www.wikidata.org/entity/Q420927>,5_more_10s,1
<http://www.wikidata.org/entity/Q23038290>,4_1s_to_10s,5112
<http://www.wikidata.org/entity/Q23038290>,5_more_10s,66
<http://www.wikidata.org/entity/Q838948>,1_less_10ms,211
<http://www.wikidata.org/entity/Q1539532>,2_10ms_to_100ms,32925
<http://www.wikidata.org/entity/Q815382>,2_10ms_to_100ms,25990
<http://www.wikidata.org/entity/Q18340514>,3_100ms_to_1s,109393
<http://www.wikidata.org/entity/Q51591359>,2_10ms_to_100ms,62
<http://www.wikidata.org/entity/Q16917>,3_100ms_to_1s,18202
<http://www.wikidata.org/entity/Q46190676>,2_10ms_to_100ms,34923
<http://www.wikidata.org/entity/Q3508250>,4_1s_to_10s,98
<http://www.wikidata.org/entity/Q585956>,4_1s_to_10s,2441
<http://www.wikidata.org/entity/Q26894053>,2_10ms_to_100ms,19581
<http://www.wikidata.org/entity/Q67383935>,1_less_10ms,62
<http://www.wikidata.org/entity/Q23442>,3_100ms_to_1s,34058
<http://www.wikidata.org/entity/Q159334>,4_1s_to_10s,8884
<http://www.wikidata.org/entity/Q46686>,1_less_10ms,32
<http://www.wikidata.org/entity/Q126807>,1_less_10ms,71
<http://www.wikidata.org/entity/Q4989906>,1_less_10ms,652
<http://www.wikidata.org/entity/Q18663566>,4_1s_to_10s,2567
<http://www.wikidata.org/entity/Q11266439>,4_1s_to_10s,2774
<http://www.wikidata.org/entity/Q3508250>,1_less_10ms,22
<http://www.wikidata.org/entity/Q55850593>,4_1s_to_10s,250
<http://www.wikidata.org/entity/Q427087>,2_10ms_to_100ms,2186
<http://www.wikidata.org/entity/Q43460564>,3_100ms_to_1s,503
<http://www.wikidata.org/entity/Q11060274>,3_100ms_to_1s,16641
<http://www.wikidata.org/entity/Q20541692>,4_1s_to_10s,4087
<http://www.wikidata.org/entity/Q59199015>,3_100ms_to_1s,2647
<http://www.wikidata.org/entity/Q2341654>,1_less_10ms,9
<http://www.wikidata.org/entity/Q43460564>,5_more_10s,10
<http://www.wikidata.org/entity/Q169930>,2_10ms_to_100ms,29621
<http://www.wikidata.org/entity/Q30198>,4_1s_to_10s,1139
<http://www.wikidata.org/entity/Q18761202>,2_10ms_to_100ms,2298
<http://www.wikidata.org/entity/Q1081138>,4_1s_to_10s,6993
<http://www.wikidata.org/entity/Q126807>,4_1s_to_10s,2867
<http://www.wikidata.org/entity/Q253019>,1_less_10ms,2108
<http://www.wikidata.org/entity/Q417841>,2_10ms_to_100ms,13323
<http://www.wikidata.org/entity/Q355304>,2_10ms_to_100ms,40598
<http://www.wikidata.org/entity/Q16970>,1_less_10ms,6503
<http://www.wikidata.org/entity/Q13406463>,3_100ms_to_1s,282998
<http://www.wikidata.org/entity/Q176799>,4_1s_to_10s,1093
<http://www.wikidata.org/entity/Q22969563>,1_less_10ms,1566
<http://www.wikidata.org/entity/Q4504495>,1_less_10ms,146
<http://www.wikidata.org/entity/Q62447>,1_less_10ms,195
<http://www.wikidata.org/entity/Q20541692>,5_more_10s,19
<http://www.wikidata.org/entity/Q56731284>,4_1s_to_10s,16
<http://www.wikidata.org/entity/Q4164871>,3_100ms_to_1s,259865
<http://www.wikidata.org/entity/Q737498>,3_100ms_to_1s,16541
<http://www.wikidata.org/entity/Q18593264>,1_less_10ms,443
<http://www.wikidata.org/entity/Q46135307>,3_100ms_to_1s,12364
<http://www.wikidata.org/entity/Q5633421>,3_100ms_to_1s,30637
<http://www.wikidata.org/entity/Q31855>,1_less_10ms,832
<http://www.wikidata.org/entity/Q3558970>,3_100ms_to_1s,12711
<http://www.wikidata.org/entity/Q4504495>,4_1s_to_10s,858
<http://www.wikidata.org/entity/Q23925393>,4_1s_to_10s,218
<http://www.wikidata.org/entity/Q891723>,5_more_10s,22265
<http://www.wikidata.org/entity/Q191067>,1_less_10ms,147
<http://www.wikidata.org/entity/Q56428020>,1_less_10ms,21
<http://www.wikidata.org/entity/Q16466010>,5_more_10s,16
<http://www.wikidata.org/entity/Q59542487>,3_100ms_to_1s,6069
<http://www.wikidata.org/entity/Q155076>,4_1s_to_10s,595
<http://www.wikidata.org/entity/Q5783996>,5_more_10s,6
<http://www.wikidata.org/entity/Q34038>,2_10ms_to_100ms,20869
<http://www.wikidata.org/entity/Q134556>,3_100ms_to_1s,69252
<http://www.wikidata.org/entity/Q452237>,1_less_10ms,5
<http://www.wikidata.org/entity/Q2996394>,2_10ms_to_100ms,142854
<http://www.wikidata.org/entity/Q81505329>,5_more_10s,96
<http://www.wikidata.org/entity/Q783794>,1_less_10ms,762
<http://www.wikidata.org/entity/Q2065736>,3_100ms_to_1s,14785
<http://www.wikidata.org/entity/Q26887310>,4_1s_to_10s,644
<http://www.wikidata.org/entity/Q202444>,5_more_10s,320
<http://www.wikidata.org/entity/Q12308941>,3_100ms_to_1s,21106
<http://www.wikidata.org/entity/Q4167836>,3_100ms_to_1s,79474
<http://www.wikidata.org/entity/Q24354>,4_1s_to_10s,11525
<http://www.wikidata.org/entity/Q18663566>,5_more_10s,36
<http://www.wikidata.org/entity/Q294414>,3_100ms_to_1s,62137
<http://www.wikidata.org/entity/Q3918>,5_more_10s,835
<http://www.wikidata.org/entity/Q18761202>,4_1s_to_10s,1924
<http://www.wikidata.org/entity/Q327333>,3_100ms_to_1s,49500
<http://www.wikidata.org/entity/Q571>,1_less_10ms,782
<http://www.wikidata.org/entity/Q50231>,1_less_10ms,16
<http://www.wikidata.org/entity/Q30612>,2_10ms_to_100ms,17406
<http://www.wikidata.org/entity/Q212198>,4_1s_to_10s,7005
<http://www.wikidata.org/entity/Q12280>,3_100ms_to_1s,7343
<http://www.wikidata.org/entity/Q163740>,5_more_10s,362
<http://www.wikidata.org/entity/Q41298>,2_10ms_to_100ms,72817
<http://www.wikidata.org/entity/Q54050>,4_1s_to_10s,11365
<http://www.wikidata.org/entity/Q4167836>,4_1s_to_10s,14557
<http://www.wikidata.org/entity/Q8436>,5_more_10s,334
<http://www.wikidata.org/entity/Q506240>,2_10ms_to_100ms,104886
<http://www.wikidata.org/entity/Q7397>,4_1s_to_10s,4281
<http://www.wikidata.org/entity/Q847017>,2_10ms_to_100ms,26843
<http://www.wikidata.org/entity/Q18918145>,2_10ms_to_100ms,3196
<http://www.wikidata.org/entity/Q51591359>,4_1s_to_10s,25
<http://www.wikidata.org/entity/Q1248784>,2_10ms_to_100ms,103314
<http://www.wikidata.org/entity/Q16510064>,5_more_10s,105
<http://www.wikidata.org/entity/Q2151232>,5_more_10s,6
<http://www.wikidata.org/entity/Q26894053>,5_more_10s,1
<http://www.wikidata.org/entity/Q575759>,2_10ms_to_100ms,7610
<http://www.wikidata.org/entity/Q220659>,3_100ms_to_1s,4052
<http://www.wikidata.org/entity/Q7725634>,3_100ms_to_1s,103796
<http://www.wikidata.org/entity/Q11060274>,5_more_10s,283
<http://www.wikidata.org/entity/Q33506>,1_less_10ms,1952
<http://www.wikidata.org/entity/Q61278455>,3_100ms_to_1s,325
<http://www.wikidata.org/entity/Q21573182>,1_less_10ms,36
<http://www.wikidata.org/entity/Q61443650>,3_100ms_to_1s,266
<http://www.wikidata.org/entity/Q482994>,1_less_10ms,7075
<http://www.wikidata.org/entity/Q18761202>,1_less_10ms,72
<http://www.wikidata.org/entity/Q783794>,4_1s_to_10s,6691
<http://www.wikidata.org/entity/Q39594>,1_less_10ms,411
<http://www.wikidata.org/entity/Q40231>,2_10ms_to_100ms,29062
<http://www.wikidata.org/entity/Q22808320>,4_1s_to_10s,1864
<http://www.wikidata.org/entity/Q47521>,2_10ms_to_100ms,53799
<http://www.wikidata.org/entity/Q4989906>,3_100ms_to_1s,26944
<http://www.wikidata.org/entity/Q14659>,4_1s_to_10s,517
<http://www.wikidata.org/entity/Q965568>,4_1s_to_10s,1762
<http://www.wikidata.org/entity/Q39614>,4_1s_to_10s,12615
<http://www.wikidata.org/entity/Q55488>,4_1s_to_10s,15335
<http://www.wikidata.org/entity/Q277338>,4_1s_to_10s,94
<http://www.wikidata.org/entity/Q11753321>,1_less_10ms,301
<http://www.wikidata.org/entity/Q476028>,3_100ms_to_1s,78024
<http://www.wikidata.org/entity/Q61278455>,2_10ms_to_100ms,904
<http://www.wikidata.org/entity/Q105543609>,2_10ms_to_100ms,215403
<http://www.wikidata.org/entity/Q486972>,4_1s_to_10s,24455
<http://www.wikidata.org/entity/Q11173>,1_less_10ms,4911
<http://www.wikidata.org/entity/Q486972>,2_10ms_to_100ms,415485
<http://www.wikidata.org/entity/Q24046192>,5_more_10s,1
<http://www.wikidata.org/entity/Q215380>,4_1s_to_10s,6184
<http://www.wikidata.org/entity/Q12323>,3_100ms_to_1s,9099
<http://www.wikidata.org/entity/Q489357>,3_100ms_to_1s,3775
<http://www.wikidata.org/entity/Q26894053>,1_less_10ms,64
<http://www.wikidata.org/entity/Q1539532>,4_1s_to_10s,341
<http://www.wikidata.org/entity/Q2309609>,3_100ms_to_1s,952
<http://www.wikidata.org/entity/Q212198>,2_10ms_to_100ms,26881
<http://www.wikidata.org/entity/Q891723>,3_100ms_to_1s,230857
<http://www.wikidata.org/entity/Q67035425>,2_10ms_to_100ms,100
<http://www.wikidata.org/entity/Q1260524>,5_more_10s,9
<http://www.wikidata.org/entity/Q1497375>,3_100ms_to_1s,7993
<http://www.wikidata.org/entity/Q1260524>,3_100ms_to_1s,632
<http://www.wikidata.org/entity/Q3052382>,3_100ms_to_1s,420
<http://www.wikidata.org/entity/Q51591359>,3_100ms_to_1s,56
<http://www.wikidata.org/entity/Q9826>,5_more_10s,158
<http://www.wikidata.org/entity/Q928830>,1_less_10ms,1550
<http://www.wikidata.org/entity/Q106474968>,4_1s_to_10s,16
<http://www.wikidata.org/entity/Q124714>,4_1s_to_10s,5149
<http://www.wikidata.org/entity/Q3331189>,3_100ms_to_1s,90937
<http://www.wikidata.org/entity/Q11173>,4_1s_to_10s,23199
<http://www.wikidata.org/entity/Q842402>,1_less_10ms,116
<http://www.wikidata.org/entity/Q14204246>,3_100ms_to_1s,605611
<http://www.wikidata.org/entity/Q1260524>,1_less_10ms,60
<http://www.wikidata.org/entity/Q99045339>,3_100ms_to_1s,410
<http://www.wikidata.org/entity/Q2334719>,3_100ms_to_1s,4998
<http://www.wikidata.org/entity/Q13417114>,5_more_10s,338
<http://www.wikidata.org/entity/Q57733494>,1_less_10ms,45
<http://www.wikidata.org/entity/Q51591359>,5_more_10s,1
<http://www.wikidata.org/entity/Q55488>,3_100ms_to_1s,41458
<http://www.wikidata.org/entity/Q192287>,3_100ms_to_1s,14142
<http://www.wikidata.org/entity/Q1002697>,1_less_10ms,717
<http://www.wikidata.org/entity/Q14860489>,1_less_10ms,240
<http://www.wikidata.org/entity/Q5>,4_1s_to_10s,1662745
<http://www.wikidata.org/entity/Q29654788>,2_10ms_to_100ms,9126
<http://www.wikidata.org/entity/Q16466010>,2_10ms_to_100ms,2893
<http://www.wikidata.org/entity/Q2042028>,1_less_10ms,8
<http://www.wikidata.org/entity/Q310890>,1_less_10ms,291
<http://www.wikidata.org/entity/Q14659>,3_100ms_to_1s,4349
<http://www.wikidata.org/entity/Q29654788>,1_less_10ms,231
<http://www.wikidata.org/entity/Q3231690>,3_100ms_to_1s,27496
<http://www.wikidata.org/entity/Q50231>,2_10ms_to_100ms,1014
<http://www.wikidata.org/entity/Q3947>,2_10ms_to_100ms,78341
<http://www.wikidata.org/entity/Q3331189>,5_more_10s,1403
<http://www.wikidata.org/entity/Q41253>,5_more_10s,143
<http://www.wikidata.org/entity/Q178561>,3_100ms_to_1s,17709
<http://www.wikidata.org/entity/Q3950>,2_10ms_to_100ms,8063
<http://www.wikidata.org/entity/Q101352>,3_100ms_to_1s,577863
<http://www.wikidata.org/entity/Q3950>,4_1s_to_10s,7417
<http://www.wikidata.org/entity/Q452237>,4_1s_to_10s,394
<http://www.wikidata.org/entity/Q985488>,5_more_10s,6
<http://www.wikidata.org/entity/Q21573182>,5_more_10s,24
<http://www.wikidata.org/entity/Q24354>,3_100ms_to_1s,23093
<http://www.wikidata.org/entity/Q728937>,5_more_10s,48
<http://www.wikidata.org/entity/Q160091>,4_1s_to_10s,608
<http://www.wikidata.org/entity/Q12317349>,2_10ms_to_100ms,2460
<http://www.wikidata.org/entity/Q46190676>,4_1s_to_10s,465
<http://www.wikidata.org/entity/Q33506>,2_10ms_to_100ms,155090
<http://www.wikidata.org/entity/Q15773317>,2_10ms_to_100ms,113830
<http://www.wikidata.org/entity/Q1504425>,2_10ms_to_100ms,5218
<http://www.wikidata.org/entity/Q149566>,3_100ms_to_1s,4646
<http://www.wikidata.org/entity/Q14860489>,4_1s_to_10s,124
<http://www.wikidata.org/entity/Q15773317>,3_100ms_to_1s,42842
<http://www.wikidata.org/entity/Q575759>,5_more_10s,135
<http://www.wikidata.org/entity/Q54050>,3_100ms_to_1s,14952
<http://www.wikidata.org/entity/Q39614>,5_more_10s,878
<http://www.wikidata.org/entity/Q7187>,3_100ms_to_1s,139892
<http://www.wikidata.org/entity/Q732577>,3_100ms_to_1s,104385
<http://www.wikidata.org/entity/Q2514025>,4_1s_to_10s,9367
<http://www.wikidata.org/entity/Q842402>,3_100ms_to_1s,3573
<http://www.wikidata.org/entity/Q40231>,5_more_10s,9
<http://www.wikidata.org/entity/Q16887380>,2_10ms_to_100ms,13195
<http://www.wikidata.org/entity/Q12323>,2_10ms_to_100ms,30384
<http://www.wikidata.org/entity/Q93184>,3_100ms_to_1s,7603
<http://www.wikidata.org/entity/Q41253>,2_10ms_to_100ms,46347
<http://www.wikidata.org/entity/Q16970>,3_100ms_to_1s,82719
<http://www.wikidata.org/entity/Q10870555>,1_less_10ms,58
<http://www.wikidata.org/entity/Q133056>,5_more_10s,39
<http://www.wikidata.org/entity/Q149566>,5_more_10s,19
<http://www.wikidata.org/entity/Q2593777>,2_10ms_to_100ms,621
<http://www.wikidata.org/entity/Q11060274>,1_less_10ms,366
<http://www.wikidata.org/entity/Q1115575>,5_more_10s,55
<http://www.wikidata.org/entity/Q506240>,1_less_10ms,1382
<http://www.wikidata.org/entity/Q1539532>,3_100ms_to_1s,9269
<http://www.wikidata.org/entity/Q67015940>,2_10ms_to_100ms,22
<http://www.wikidata.org/entity/Q2309609>,5_more_10s,123
<http://www.wikidata.org/entity/Q26703203>,5_more_10s,7
<http://www.wikidata.org/entity/Q14659>,1_less_10ms,204
<http://www.wikidata.org/entity/Q5398426>,4_1s_to_10s,23199
<http://www.wikidata.org/entity/Q34770>,4_1s_to_10s,39378
<http://www.wikidata.org/entity/Q820477>,3_100ms_to_1s,7004
<http://www.wikidata.org/entity/Q5358913>,4_1s_to_10s,3301
<http://www.wikidata.org/entity/Q842402>,2_10ms_to_100ms,9635
<http://www.wikidata.org/entity/Q61089180>,5_more_10s,28
<http://www.wikidata.org/entity/Q66826848>,5_more_10s,1
<http://www.wikidata.org/entity/Q59542487>,1_less_10ms,211
<http://www.wikidata.org/entity/Q16970>,5_more_10s,882
<http://www.wikidata.org/entity/Q169930>,3_100ms_to_1s,14022
<http://www.wikidata.org/entity/Q985488>,3_100ms_to_1s,758
<http://www.wikidata.org/entity/Q59542487>,5_more_10s,14
<http://www.wikidata.org/entity/Q215380>,3_100ms_to_1s,102195
<http://www.wikidata.org/entity/Q13406463>,4_1s_to_10s,22088
<http://www.wikidata.org/entity/Q4167836>,1_less_10ms,34744
<http://www.wikidata.org/entity/Q187223>,4_1s_to_10s,5670
<http://www.wikidata.org/entity/Q476028>,1_less_10ms,3466
<http://www.wikidata.org/entity/Q4830453>,2_10ms_to_100ms,2109885
<http://www.wikidata.org/entity/Q133056>,2_10ms_to_100ms,14199
<http://www.wikidata.org/entity/Q2668072>,4_1s_to_10s,180637
<http://www.wikidata.org/entity/Q107102664>,5_more_10s,2
<http://www.wikidata.org/entity/Q3305213>,4_1s_to_10s,18559
<http://www.wikidata.org/entity/Q16510064>,4_1s_to_10s,496
<http://www.wikidata.org/entity/Q2116450>,3_100ms_to_1s,1769
<http://www.wikidata.org/entity/Q6451276>,3_100ms_to_1s,477
<http://www.wikidata.org/entity/Q476028>,4_1s_to_10s,10624
<http://www.wikidata.org/entity/Q482>,1_less_10ms,28
<http://www.wikidata.org/entity/Q125191>,1_less_10ms,1602
<http://www.wikidata.org/entity/Q215380>,2_10ms_to_100ms,347760
<http://www.wikidata.org/entity/Q107103143>,1_less_10ms,16
<http://www.wikidata.org/entity/Q179049>,1_less_10ms,187
<http://www.wikidata.org/entity/Q735428>,3_100ms_to_1s,6006
<http://www.wikidata.org/entity/Q34763>,2_10ms_to_100ms,31203
<http://www.wikidata.org/entity/Q1248784>,1_less_10ms,1774
<http://www.wikidata.org/entity/Q811979>,3_100ms_to_1s,185979
<http://www.wikidata.org/entity/Q29654788>,3_100ms_to_1s,15727
<http://www.wikidata.org/entity/Q12284>,1_less_10ms,209
<http://www.wikidata.org/entity/Q54050>,5_more_10s,90
<http://www.wikidata.org/entity/Q123705>,2_10ms_to_100ms,75658
<http://www.wikidata.org/entity/Q59542487>,2_10ms_to_100ms,8179
<http://www.wikidata.org/entity/Q149566>,1_less_10ms,284
<http://www.wikidata.org/entity/Q30198>,5_more_10s,15
<http://www.wikidata.org/entity/Q20541692>,3_100ms_to_1s,1891
<http://www.wikidata.org/entity/Q41298>,4_1s_to_10s,2611
<http://www.wikidata.org/entity/Q46831>,2_10ms_to_100ms,46460
<http://www.wikidata.org/entity/Q839954>,2_10ms_to_100ms,91704
<http://www.wikidata.org/entity/Q7321974>,1_less_10ms,8
<http://www.wikidata.org/entity/Q7604686>,1_less_10ms,1
<http://www.wikidata.org/entity/Q17018380>,4_1s_to_10s,3336
<http://www.wikidata.org/entity/Q4414033>,1_less_10ms,6
<http://www.wikidata.org/entity/Q26267864>,4_1s_to_10s,8
<http://www.wikidata.org/entity/Q23442>,1_less_10ms,2021
<http://www.wikidata.org/entity/Q965568>,5_more_10s,21
<http://www.wikidata.org/entity/Q4414033>,2_10ms_to_100ms,917
<http://www.wikidata.org/entity/Q732577>,2_10ms_to_100ms,397580
<http://www.wikidata.org/entity/Q27671617>,4_1s_to_10s,50
<http://www.wikidata.org/entity/Q1681353>,3_100ms_to_1s,827
<http://www.wikidata.org/entity/Q39594>,4_1s_to_10s,9534
<http://www.wikidata.org/entity/Q55659107>,4_1s_to_10s,197
<http://www.wikidata.org/entity/Q7397>,3_100ms_to_1s,45732
<http://www.wikidata.org/entity/Q11446>,3_100ms_to_1s,17130
<http://www.wikidata.org/entity/Q16917>,2_10ms_to_100ms,40572
<http://www.wikidata.org/entity/Q2341654>,5_more_10s,146
<http://www.wikidata.org/entity/Q11753321>,2_10ms_to_100ms,26881
<http://www.wikidata.org/entity/Q47461344>,2_10ms_to_100ms,603659
<http://www.wikidata.org/entity/Q174782>,2_10ms_to_100ms,66125
<http://www.wikidata.org/entity/Q8502>,4_1s_to_10s,14948
<http://www.wikidata.org/entity/Q39594>,5_more_10s,35
<http://www.wikidata.org/entity/Q17524420>,3_100ms_to_1s,22606
<http://www.wikidata.org/entity/Q121117>,3_100ms_to_1s,1653
<http://www.wikidata.org/entity/Q47521>,5_more_10s,42
<http://www.wikidata.org/entity/Q532>,3_100ms_to_1s,59188
<http://www.wikidata.org/entity/Q54050>,2_10ms_to_100ms,33239
<http://www.wikidata.org/entity/Q3947>,4_1s_to_10s,10126
<http://www.wikidata.org/entity/Q2467461>,5_more_10s,22
<http://www.wikidata.org/entity/Q18761202>,3_100ms_to_1s,3103
<http://www.wikidata.org/entity/Q484170>,4_1s_to_10s,23713
<http://www.wikidata.org/entity/Q86850539>,3_100ms_to_1s,244997
<http://www.wikidata.org/entity/Q473972>,4_1s_to_10s,21884
<http://www.wikidata.org/entity/Q3052382>,4_1s_to_10s,250
<http://www.wikidata.org/entity/Q18340514>,4_1s_to_10s,2079
<http://www.wikidata.org/entity/Q3918>,4_1s_to_10s,14374
<http://www.wikidata.org/entity/Q79007>,2_10ms_to_100ms,130541
<http://www.wikidata.org/entity/Q3464665>,4_1s_to_10s,982
<http://www.wikidata.org/entity/Q26703203>,4_1s_to_10s,1041
<http://www.wikidata.org/entity/Q178561>,5_more_10s,126
<http://www.wikidata.org/entity/Q1497375>,1_less_10ms,416
<http://www.wikidata.org/entity/Q814254>,3_100ms_to_1s,274
<http://www.wikidata.org/entity/Q852190>,5_more_10s,9
<http://www.wikidata.org/entity/Q23442>,2_10ms_to_100ms,103518
<http://www.wikidata.org/entity/Q571>,5_more_10s,343
<http://www.wikidata.org/entity/Q860861>,1_less_10ms,1058
<http://www.wikidata.org/entity/Q39816>,1_less_10ms,299
<http://www.wikidata.org/entity/Q49008>,1_less_10ms,104
<http://www.wikidata.org/entity/Q41298>,3_100ms_to_1s,35323
<http://www.wikidata.org/entity/Q124714>,3_100ms_to_1s,5905
<http://www.wikidata.org/entity/Q740445>,2_10ms_to_100ms,4565
<http://www.wikidata.org/entity/Q23894233>,2_10ms_to_100ms,6425
<http://www.wikidata.org/entity/Q294414>,5_more_10s,300
<http://www.wikidata.org/entity/Q2225692>,5_more_10s,36
<http://www.wikidata.org/entity/Q3257686>,2_10ms_to_100ms,63221
<http://www.wikidata.org/entity/Q42195>,3_100ms_to_1s,1212
<http://www.wikidata.org/entity/Q728937>,2_10ms_to_100ms,36839
<http://www.wikidata.org/entity/Q21199>,2_10ms_to_100ms,12723
<http://www.wikidata.org/entity/Q22969563>,4_1s_to_10s,551
<http://www.wikidata.org/entity/Q207326>,1_less_10ms,203
<http://www.wikidata.org/entity/Q57733494>,3_100ms_to_1s,14615
<http://www.wikidata.org/entity/Q1238720>,5_more_10s,7
<http://www.wikidata.org/entity/Q187685>,3_100ms_to_1s,1576
<http://www.wikidata.org/entity/Q5>,5_more_10s,307779
<http://www.wikidata.org/entity/Q7604686>,5_more_10s,1
<http://www.wikidata.org/entity/Q67015940>,4_1s_to_10s,10
<http://www.wikidata.org/entity/Q6881511>,3_100ms_to_1s,352330
<http://www.wikidata.org/entity/Q11060274>,2_10ms_to_100ms,27839
<http://www.wikidata.org/entity/Q47461344>,5_more_10s,2913
<http://www.wikidata.org/entity/Q104093746>,4_1s_to_10s,3456
<http://www.wikidata.org/entity/Q24862>,5_more_10s,224
<http://www.wikidata.org/entity/Q1516079>,4_1s_to_10s,3748
<http://www.wikidata.org/entity/Q737498>,4_1s_to_10s,1985
<http://www.wikidata.org/entity/Q16560>,5_more_10s,139
<http://www.wikidata.org/entity/Q26887310>,1_less_10ms,90
<http://www.wikidata.org/entity/Q16510064>,2_10ms_to_100ms,44825
<http://www.wikidata.org/entity/Q23397>,4_1s_to_10s,14628
<http://www.wikidata.org/entity/Q104093746>,3_100ms_to_1s,1948
<http://www.wikidata.org/entity/Q358>,5_more_10s,84
<http://www.wikidata.org/entity/Q1520033>,5_more_10s,481
<http://www.wikidata.org/entity/Q452237>,3_100ms_to_1s,389
<http://www.wikidata.org/entity/Q7725634>,5_more_10s,881
<http://www.wikidata.org/entity/Q10429085>,2_10ms_to_100ms,50
<http://www.wikidata.org/entity/Q6453643>,2_10ms_to_100ms,21
<http://www.wikidata.org/entity/Q852190>,1_less_10ms,144
<http://www.wikidata.org/entity/Q107102664>,2_10ms_to_100ms,278
<http://www.wikidata.org/entity/Q159334>,5_more_10s,38
<http://www.wikidata.org/entity/Q427087>,1_less_10ms,93
<http://www.wikidata.org/entity/Q11173>,2_10ms_to_100ms,810807
<http://www.wikidata.org/entity/Q2151232>,4_1s_to_10s,1244
<http://www.wikidata.org/entity/Q814254>,4_1s_to_10s,171
<http://www.wikidata.org/entity/Q160091>,3_100ms_to_1s,2471
<http://www.wikidata.org/entity/Q2334719>,1_less_10ms,171
<http://www.wikidata.org/entity/Q21573182>,2_10ms_to_100ms,9672
<http://www.wikidata.org/entity/Q4421>,2_10ms_to_100ms,16702
<http://www.wikidata.org/entity/Q106474968>,2_10ms_to_100ms,6896
<http://www.wikidata.org/entity/Q13100073>,3_100ms_to_1s,2348
<http://www.wikidata.org/entity/Q11753321>,3_100ms_to_1s,3687
<http://www.wikidata.org/entity/Q6453643>,4_1s_to_10s,111
<http://www.wikidata.org/entity/Q5633421>,5_more_10s,299
<http://www.wikidata.org/entity/Q21191270>,2_10ms_to_100ms,158147
<http://www.wikidata.org/entity/Q6881511>,1_less_10ms,7141
<http://www.wikidata.org/entity/Q207326>,5_more_10s,32
<http://www.wikidata.org/entity/Q5185279>,1_less_10ms,216
<http://www.wikidata.org/entity/Q50231>,4_1s_to_10s,740
<http://www.wikidata.org/entity/Q19692072>,3_100ms_to_1s,2422
<http://www.wikidata.org/entity/Q17343829>,5_more_10s,182
<http://www.wikidata.org/entity/Q4164871>,1_less_10ms,4768
<http://www.wikidata.org/entity/Q8436>,3_100ms_to_1s,13686
<http://www.wikidata.org/entity/Q100532807>,3_100ms_to_1s,103
<http://www.wikidata.org/entity/Q3508250>,3_100ms_to_1s,37682
<http://www.wikidata.org/entity/Q12308941>,4_1s_to_10s,2252
<http://www.wikidata.org/entity/Q2309609>,4_1s_to_10s,1424
<http://www.wikidata.org/entity/Q104093746>,5_more_10s,10
<http://www.wikidata.org/entity/Q1238720>,1_less_10ms,20
<http://www.wikidata.org/entity/Q7278>,5_more_10s,190
<http://www.wikidata.org/entity/Q86850539>,5_more_10s,2959
<http://www.wikidata.org/entity/Q11266439>,3_100ms_to_1s,90243
<http://www.wikidata.org/entity/Q13406554>,4_1s_to_10s,3613
<http://www.wikidata.org/entity/Q34442>,2_10ms_to_100ms,146771
<http://www.wikidata.org/entity/Q61443690>,1_less_10ms,157
<http://www.wikidata.org/entity/Q61089180>,3_100ms_to_1s,5296
<http://www.wikidata.org/entity/Q1134686>,2_10ms_to_100ms,16119
<http://www.wikidata.org/entity/Q482>,2_10ms_to_100ms,1665
<http://www.wikidata.org/entity/Q13417114>,3_100ms_to_1s,11577
<http://www.wikidata.org/entity/Q2334719>,2_10ms_to_100ms,26985
<http://www.wikidata.org/entity/Q86850539>,4_1s_to_10s,15245
<http://www.wikidata.org/entity/Q4421>,5_more_10s,44
<http://www.wikidata.org/entity/Q31855>,3_100ms_to_1s,59116
<http://www.wikidata.org/entity/Q47521>,1_less_10ms,318
<http://www.wikidata.org/entity/Q1266946>,5_more_10s,47
<http://www.wikidata.org/entity/Q43229>,3_100ms_to_1s,255277
<http://www.wikidata.org/entity/Q93184>,4_1s_to_10s,715
<http://www.wikidata.org/entity/Q39816>,5_more_10s,36
<http://www.wikidata.org/entity/Q96739634>,1_less_10ms,10
<http://www.wikidata.org/entity/Q5398426>,2_10ms_to_100ms,755025
<http://www.wikidata.org/entity/Q728937>,4_1s_to_10s,3518
<http://www.wikidata.org/entity/Q44613>,1_less_10ms,416
<http://www.wikidata.org/entity/Q486972>,3_100ms_to_1s,273958
<http://www.wikidata.org/entity/Q30198>,2_10ms_to_100ms,2264
<http://www.wikidata.org/entity/Q1516079>,3_100ms_to_1s,4279
<http://www.wikidata.org/entity/Q96739634>,5_more_10s,2
<http://www.wikidata.org/entity/Q482994>,4_1s_to_10s,13361
<http://www.wikidata.org/entity/Q192287>,2_10ms_to_100ms,19844
<http://www.wikidata.org/entity/Q176799>,5_more_10s,15
<http://www.wikidata.org/entity/Q16521>,2_10ms_to_100ms,54295529
<http://www.wikidata.org/entity/Q192287>,1_less_10ms,339
<http://www.wikidata.org/entity/Q65954115>,1_less_10ms,5
<http://www.wikidata.org/entity/Q14350>,1_less_10ms,636
<http://www.wikidata.org/entity/Q1266946>,3_100ms_to_1s,344
<http://www.wikidata.org/entity/Q23894233>,4_1s_to_10s,119
<http://www.wikidata.org/entity/Q7889>,1_less_10ms,19665
<http://www.wikidata.org/entity/Q15243209>,1_less_10ms,512
<http://www.wikidata.org/entity/Q24529780>,3_100ms_to_1s,1948
<http://www.wikidata.org/entity/Q11032>,3_100ms_to_1s,90716
<http://www.wikidata.org/entity/Q15416>,5_more_10s,47223
<http://www.wikidata.org/entity/Q12323>,1_less_10ms,239
<http://www.wikidata.org/entity/Q40080>,5_more_10s,39
<http://www.wikidata.org/entity/Q19860854>,2_10ms_to_100ms,25340
<http://www.wikidata.org/entity/Q134556>,5_more_10s,345
<http://www.wikidata.org/entity/Q124714>,1_less_10ms,107
<http://www.wikidata.org/entity/Q46686>,5_more_10s,6
<http://www.wikidata.org/entity/Q22698>,3_100ms_to_1s,25320
<http://www.wikidata.org/entity/Q15184295>,5_more_10s,6
<http://www.wikidata.org/entity/Q46135307>,2_10ms_to_100ms,48383
<http://www.wikidata.org/entity/Q235557>,1_less_10ms,258
<http://www.wikidata.org/entity/Q773668>,5_more_10s,57
<http://www.wikidata.org/entity/Q46831>,5_more_10s,134
<http://www.wikidata.org/entity/Q15773317>,4_1s_to_10s,7468
<http://www.wikidata.org/entity/Q728937>,3_100ms_to_1s,11931
<http://www.wikidata.org/entity/Q49008>,4_1s_to_10s,280
<http://www.wikidata.org/entity/Q1505023>,4_1s_to_10s,51
<http://www.wikidata.org/entity/Q4414033>,5_more_10s,5
<http://www.wikidata.org/entity/Q187223>,5_more_10s,23
<http://www.wikidata.org/entity/Q482994>,2_10ms_to_100ms,653589
<http://www.wikidata.org/entity/Q852190>,2_10ms_to_100ms,8859
<http://www.wikidata.org/entity/Q5185279>,5_more_10s,223
<http://www.wikidata.org/entity/Q23058136>,2_10ms_to_100ms,3115
<http://www.wikidata.org/entity/Q18663566>,1_less_10ms,163
<http://www.wikidata.org/entity/Q26211545>,2_10ms_to_100ms,113998
<http://www.wikidata.org/entity/Q17343829>,3_100ms_to_1s,30818
<http://www.wikidata.org/entity/Q39594>,3_100ms_to_1s,18190
<http://www.wikidata.org/entity/Q59541917>,5_more_10s,16
<http://www.wikidata.org/entity/Q1002697>,2_10ms_to_100ms,41278
<http://www.wikidata.org/entity/Q16510064>,1_less_10ms,127
<http://www.wikidata.org/entity/Q585956>,3_100ms_to_1s,1657
<http://www.wikidata.org/entity/Q40080>,3_100ms_to_1s,9476
<http://www.wikidata.org/entity/Q16887380>,5_more_10s,97
<http://www.wikidata.org/entity/Q11753321>,5_more_10s,11
<http://www.wikidata.org/entity/Q46190676>,3_100ms_to_1s,3108
<http://www.wikidata.org/entity/Q5358913>,2_10ms_to_100ms,1983
<http://www.wikidata.org/entity/Q61089180>,4_1s_to_10s,8444
<http://www.wikidata.org/entity/Q1248784>,5_more_10s,353
<http://www.wikidata.org/entity/Q27686>,5_more_10s,508
<http://www.wikidata.org/entity/Q7604686>,3_100ms_to_1s,135
<http://www.wikidata.org/entity/Q7075>,5_more_10s,488
<http://www.wikidata.org/entity/Q9826>,1_less_10ms,1579
<http://www.wikidata.org/entity/Q189004>,4_1s_to_10s,7406
<http://www.wikidata.org/entity/Q1580166>,2_10ms_to_100ms,816
<http://www.wikidata.org/entity/Q26703203>,1_less_10ms,4
<http://www.wikidata.org/entity/Q1134686>,5_more_10s,42
<http://www.wikidata.org/entity/Q7187>,2_10ms_to_100ms,456246
<http://www.wikidata.org/entity/Q81505329>,2_10ms_to_100ms,3050
<http://www.wikidata.org/entity/Q5633421>,4_1s_to_10s,3323
<http://www.wikidata.org/entity/Q22698>,4_1s_to_10s,11992
<http://www.wikidata.org/entity/Q13417114>,1_less_10ms,351
<http://www.wikidata.org/entity/Q1302249>,1_less_10ms,21
<http://www.wikidata.org/entity/Q532>,1_less_10ms,6018
<http://www.wikidata.org/entity/Q131681>,4_1s_to_10s,11640
<http://www.wikidata.org/entity/Q59541917>,3_100ms_to_1s,1419
<http://www.wikidata.org/entity/Q2151232>,1_less_10ms,138
